Date,Code,Name,Open,Close,High,Low,Volume,Turnover
2019-07-31,002755,奥赛康,11.98,11.95,11.98,11.80,11192.16,0.78
2019-08-01,002755,奥赛康,11.86,11.70,11.86,11.62,13821.20,0.97
2019-08-02,002755,奥赛康,11.46,11.51,11.64,11.43,14814.80,1.04
2019-08-05,002755,奥赛康,11.45,11.12,11.54,11.12,20199.00,1.41
2019-08-06,002755,奥赛康,11.10,10.48,11.10,10.25,34344.58,2.40
2019-08-07,002755,奥赛康,10.53,10.49,10.70,10.41,15209.20,1.06
2019-08-08,002755,奥赛康,10.66,10.58,10.70,10.47,11912.10,0.83
2019-08-09,002755,奥赛康,10.64,10.68,10.85,10.62,17207.25,1.20
2019-08-12,002755,奥赛康,10.74,10.75,10.76,10.45,12521.40,0.88
2019-08-13,002755,奥赛康,10.67,10.69,10.73,10.50,12460.50,0.87
2019-08-14,002755,奥赛康,10.79,10.74,10.85,10.63,16738.70,1.17
2019-08-15,002755,奥赛康,10.55,11.10,11.14,10.30,30430.21,2.13
2019-08-16,002755,奥赛康,11.06,10.93,11.12,10.80,22932.37,1.60
2019-08-19,002755,奥赛康,11.05,11.39,11.60,10.96,37385.35,2.61
2019-08-20,002755,奥赛康,11.36,11.79,11.95,11.33,41463.10,2.90
2019-08-21,002755,奥赛康,11.77,11.83,11.92,11.64,32020.87,2.24
2019-08-22,002755,奥赛康,12.00,11.98,12.35,11.92,39023.10,2.73
2019-08-23,002755,奥赛康,11.95,12.29,12.35,11.86,44287.30,3.10
2019-08-26,002755,奥赛康,12.04,13.06,13.52,11.98,99507.43,6.96
2019-08-27,002755,奥赛康,13.06,13.14,13.51,12.93,70207.66,4.91
2019-08-28,002755,奥赛康,13.03,12.83,13.10,12.83,39436.51,2.76
2019-08-29,002755,奥赛康,12.83,12.97,13.14,12.83,29385.11,2.05
2019-08-30,002755,奥赛康,12.99,12.84,13.32,12.66,42415.24,2.97
2019-09-02,002755,奥赛康,12.91,13.70,13.83,12.91,64705.59,4.52
2019-09-03,002755,奥赛康,13.79,13.73,14.39,13.50,83970.50,5.87
2019-09-04,002755,奥赛康,13.91,13.54,13.92,13.35,47894.96,3.35
2019-09-05,002755,奥赛康,13.54,13.52,13.65,13.38,59296.85,4.15
2019-09-06,002755,奥赛康,13.53,13.53,13.63,13.30,28989.17,2.03
2019-09-09,002755,奥赛康,13.70,13.64,13.85,13.49,34049.83,2.38
2019-09-10,002755,奥赛康,13.64,14.11,14.27,13.50,54240.47,3.79
2019-09-11,002755,奥赛康,14.25,13.75,14.25,13.71,32748.29,2.29
2019-09-12,002755,奥赛康,13.84,13.71,13.84,13.43,26034.68,1.82
2019-09-16,002755,奥赛康,13.70,13.52,13.85,13.43,24301.86,1.70
2019-09-17,002755,奥赛康,13.58,13.53,13.87,13.38,31504.31,2.20
2019-09-18,002755,奥赛康,13.57,13.43,13.64,13.40,15564.88,1.09
2019-09-19,002755,奥赛康,13.57,13.80,14.04,13.46,38109.57,2.66
2019-09-20,002755,奥赛康,13.81,13.83,13.95,13.73,30342.96,2.12
2019-09-23,002755,奥赛康,13.83,13.63,13.91,13.55,22421.51,1.57
2019-09-24,002755,奥赛康,13.80,14.14,14.28,13.68,50131.46,3.51
2019-09-25,002755,奥赛康,13.89,13.60,14.05,13.59,30544.60,2.14
2019-09-26,002755,奥赛康,13.61,12.70,13.61,12.64,50102.03,3.50
2019-09-27,002755,奥赛康,12.94,13.42,13.58,12.94,52256.07,3.65
2019-09-30,002755,奥赛康,13.36,13.15,13.87,13.13,38931.00,2.72
2019-10-08,002755,奥赛康,13.23,14.38,14.41,13.23,90513.27,6.33
2019-10-09,002755,奥赛康,14.43,13.85,14.48,13.65,74992.60,5.24
2019-10-10,002755,奥赛康,13.77,14.90,14.90,13.69,113362.68,7.93
2019-10-11,002755,奥赛康,14.85,14.77,14.88,14.52,64153.44,4.49
2019-10-14,002755,奥赛康,14.84,14.77,15.15,14.61,59982.49,4.19
2019-10-15,002755,奥赛康,14.70,14.57,14.82,14.48,31848.31,2.23
2019-10-16,002755,奥赛康,14.64,15.02,15.42,14.53,66826.78,4.67
2019-10-17,002755,奥赛康,15.01,15.14,15.25,14.71,40824.64,2.85
2019-10-18,002755,奥赛康,15.10,15.31,15.80,15.05,65721.66,4.60
2019-10-21,002755,奥赛康,15.32,15.53,15.92,15.31,54222.84,3.79
2019-10-22,002755,奥赛康,15.59,15.75,15.77,15.27,39893.44,2.79
2019-10-23,002755,奥赛康,15.80,15.15,15.84,15.00,59107.58,4.13
2019-10-24,002755,奥赛康,15.17,15.32,15.33,14.63,43648.61,3.05
2019-10-25,002755,奥赛康,15.28,14.95,15.28,14.68,50637.31,3.54
2019-10-28,002755,奥赛康,14.97,14.95,15.26,14.82,38552.44,2.70
2019-10-29,002755,奥赛康,14.98,14.68,15.08,14.67,31593.80,2.21
2019-10-30,002755,奥赛康,14.70,14.74,14.93,14.42,30863.20,2.16
2019-10-31,002755,奥赛康,14.76,15.24,15.60,14.69,57537.66,4.02
2019-11-01,002755,奥赛康,15.30,15.27,15.43,15.10,34308.76,2.40
2019-11-04,002755,奥赛康,15.50,15.67,15.83,15.35,48222.49,3.37
2019-11-05,002755,奥赛康,15.62,15.56,15.75,15.35,35988.79,2.52
2019-11-06,002755,奥赛康,15.51,15.19,15.65,15.16,34814.49,2.43
2019-11-07,002755,奥赛康,15.13,15.67,15.75,15.13,41428.18,2.90
2019-11-08,002755,奥赛康,15.84,16.12,16.26,15.53,67582.57,4.73
2019-11-11,002755,奥赛康,16.08,15.76,16.55,15.68,82738.81,5.78
2019-11-12,002755,奥赛康,15.89,16.43,16.65,15.56,68777.87,4.81
2019-11-13,002755,奥赛康,16.48,16.55,16.65,16.27,47800.14,3.34
2019-11-14,002755,奥赛康,16.43,16.40,16.54,16.20,42454.00,2.97
2019-11-15,002755,奥赛康,16.40,16.06,16.45,15.99,41071.14,2.87
2019-11-18,002755,奥赛康,16.10,16.09,16.34,15.85,32288.24,2.26
2019-11-19,002755,奥赛康,16.13,16.69,16.75,16.06,63671.15,4.45
2019-11-20,002755,奥赛康,16.62,16.77,17.18,16.54,53631.94,3.75
2019-11-21,002755,奥赛康,16.70,17.34,17.48,16.56,67681.76,4.73
2019-11-22,002755,奥赛康,17.29,16.75,17.67,16.44,85161.26,5.95
2019-11-25,002755,奥赛康,16.80,16.44,17.21,16.20,61645.71,4.31
2019-11-26,002755,奥赛康,16.40,16.41,16.56,16.11,38213.00,2.67
2019-11-27,002755,奥赛康,16.38,16.29,16.50,16.13,31849.11,2.23
2019-11-28,002755,奥赛康,16.22,15.81,16.35,15.70,54666.02,3.82
2019-11-29,002755,奥赛康,15.82,15.72,15.84,15.30,44252.37,3.09
2019-12-02,002755,奥赛康,15.72,15.19,15.84,15.13,42341.50,2.96
2019-12-03,002755,奥赛康,15.21,15.30,15.38,14.84,35244.12,2.46
2019-12-04,002755,奥赛康,15.14,15.29,15.47,15.12,25351.43,1.77
2019-12-05,002755,奥赛康,15.27,15.60,15.77,15.24,38255.23,2.67
2019-12-06,002755,奥赛康,15.60,15.69,15.78,15.30,22126.13,1.55
2019-12-09,002755,奥赛康,15.65,15.43,15.74,15.34,26110.25,1.83
2019-12-10,002755,奥赛康,15.33,15.38,15.55,15.30,19986.80,1.40
2019-12-11,002755,奥赛康,15.31,15.23,15.48,15.03,26562.01,1.86
2019-12-12,002755,奥赛康,15.22,15.38,15.45,14.78,44315.60,3.10
2019-12-13,002755,奥赛康,15.40,15.66,15.72,15.33,42871.18,3.00
2019-12-16,002755,奥赛康,15.67,15.63,15.68,15.45,33566.70,2.35
2019-12-17,002755,奥赛康,15.63,15.67,15.76,15.47,36522.59,2.55
2019-12-18,002755,奥赛康,15.60,15.49,15.65,15.36,39341.56,2.75
2019-12-19,002755,奥赛康,15.55,16.54,16.57,15.42,84700.57,5.92
2019-12-20,002755,奥赛康,16.40,16.36,16.49,16.15,46362.43,3.24
2019-12-23,002755,奥赛康,16.50,16.22,16.76,16.20,34691.46,2.43
2019-12-24,002755,奥赛康,16.27,16.31,16.45,16.18,25084.80,1.75
2019-12-25,002755,奥赛康,16.47,16.05,16.47,15.94,43546.52,3.04
2019-12-26,002755,奥赛康,16.01,15.95,16.11,15.75,28540.09,2.00
2019-12-27,002755,奥赛康,15.88,15.68,16.15,15.58,30501.26,2.13
2019-12-30,002755,奥赛康,15.51,15.56,15.78,15.16,34467.00,2.41
2019-12-31,002755,奥赛康,15.60,16.16,16.16,15.60,37141.96,2.46
2020-01-02,002755,奥赛康,16.24,16.18,16.24,15.91,36083.62,2.39
2020-01-03,002755,奥赛康,16.08,16.08,16.22,15.98,25116.29,1.67
2020-01-06,002755,奥赛康,15.97,15.83,16.04,15.76,34754.38,2.30
2020-01-07,002755,奥赛康,15.91,16.33,16.37,15.83,41421.46,2.75
2020-01-08,002755,奥赛康,16.30,15.90,16.33,15.88,36191.00,2.40
2020-01-09,002755,奥赛康,16.15,16.20,16.33,16.03,29388.54,1.95
2020-01-10,002755,奥赛康,16.20,16.25,16.43,16.17,29892.22,1.98
2020-01-13,002755,奥赛康,16.28,16.59,16.66,16.23,50374.34,3.34
2020-01-14,002755,奥赛康,16.62,16.75,16.91,16.57,43646.51,2.89
2020-01-15,002755,奥赛康,16.68,16.81,16.97,16.64,33138.56,2.20
2020-01-16,002755,奥赛康,16.80,16.69,16.87,16.40,33719.96,2.24
2020-01-17,002755,奥赛康,16.73,16.49,16.83,16.39,25942.90,1.72
2020-01-20,002755,奥赛康,16.62,16.35,16.75,16.12,42737.00,2.83
2020-01-21,002755,奥赛康,16.48,16.68,16.90,16.35,64054.71,4.25
2020-01-22,002755,奥赛康,16.78,16.20,16.90,16.13,53455.56,3.54
2020-01-23,002755,奥赛康,16.26,15.58,16.40,15.50,39403.60,2.61
2020-02-03,002755,奥赛康,14.18,14.02,14.88,14.02,57001.79,3.78
2020-02-04,002755,奥赛康,14.02,15.07,15.14,14.02,63112.71,4.19
2020-02-05,002755,奥赛康,15.02,15.47,15.48,14.83,54450.39,3.61
2020-02-06,002755,奥赛康,15.58,16.02,16.27,15.31,66831.32,4.43
2020-02-07,002755,奥赛康,16.03,15.90,16.38,15.60,51573.23,3.42
2020-02-10,002755,奥赛康,15.97,15.71,16.09,15.41,49586.90,3.29
2020-02-11,002755,奥赛康,15.72,15.46,15.90,15.25,34254.88,2.27
2020-02-12,002755,奥赛康,15.52,15.67,15.79,15.39,28186.22,1.87
2020-02-13,002755,奥赛康,15.52,16.62,16.90,15.31,100686.83,6.68
2020-02-14,002755,奥赛康,16.95,17.15,17.31,16.75,146933.56,9.74
2020-02-17,002755,奥赛康,16.90,17.40,17.68,16.50,112232.96,7.44
2020-02-18,002755,奥赛康,17.41,17.06,17.55,16.76,77323.71,5.13
2020-02-19,002755,奥赛康,16.85,16.25,16.87,16.21,91700.34,6.08
2020-02-20,002755,奥赛康,16.23,16.36,16.39,15.94,54407.66,3.61
2020-02-21,002755,奥赛康,16.32,16.30,16.48,16.11,41163.30,2.73
2020-02-24,002755,奥赛康,16.08,16.52,16.73,16.08,54981.55,3.65
2020-02-25,002755,奥赛康,16.20,16.40,16.70,15.97,57320.93,3.80
2020-02-26,002755,奥赛康,16.30,15.87,16.30,15.76,50568.15,3.35
2020-02-27,002755,奥赛康,15.90,15.95,16.29,15.85,26486.77,1.76
2020-02-28,002755,奥赛康,15.69,15.40,16.10,15.38,47148.85,3.13
2020-03-02,002755,奥赛康,15.60,15.90,15.99,15.50,27034.20,1.79
2020-03-03,002755,奥赛康,16.12,15.94,16.19,15.81,40181.00,2.66
2020-03-04,002755,奥赛康,15.94,15.73,15.98,15.60,24389.82,1.62
2020-03-05,002755,奥赛康,15.97,16.32,16.34,15.75,51669.60,3.43
2020-03-06,002755,奥赛康,16.40,16.35,16.80,16.14,57769.93,3.83
2020-03-09,002755,奥赛康,16.34,16.82,17.01,16.16,101446.25,6.73
2020-03-10,002755,奥赛康,16.63,16.46,16.78,15.77,72584.32,4.81
2020-03-11,002755,奥赛康,16.46,16.06,16.49,16.00,37440.10,2.48
2020-03-12,002755,奥赛康,15.85,15.55,15.88,15.36,39877.87,2.64
2020-03-13,002755,奥赛康,14.50,15.26,15.60,14.36,37208.90,2.47
2020-03-16,002755,奥赛康,15.50,15.90,16.36,15.31,94871.83,6.29
2020-03-17,002755,奥赛康,16.36,15.40,16.50,15.16,51517.79,3.42
2020-03-18,002755,奥赛康,15.47,15.11,15.87,15.10,47074.33,3.12
2020-03-19,002755,奥赛康,14.95,15.12,15.26,14.78,36166.26,2.40
2020-03-20,002755,奥赛康,15.34,15.29,15.35,14.97,22950.49,1.52
2020-03-23,002755,奥赛康,15.13,15.00,15.49,14.80,26785.32,1.78
2020-03-24,002755,奥赛康,15.23,15.17,15.28,14.85,23454.43,1.56
2020-03-25,002755,奥赛康,15.40,15.31,15.48,15.17,23661.49,1.57
2020-03-26,002755,奥赛康,15.27,15.15,15.35,15.02,22557.59,1.50
2020-03-27,002755,奥赛康,15.23,15.10,15.33,15.03,21478.87,1.42
2020-03-30,002755,奥赛康,14.85,15.60,15.79,14.75,47946.53,3.18
2020-03-31,002755,奥赛康,15.61,15.43,15.68,15.35,23387.93,1.55
2020-04-01,002755,奥赛康,15.43,15.16,15.60,15.05,20177.02,1.34
2020-04-02,002755,奥赛康,15.08,15.26,15.28,15.02,14479.94,0.96
2020-04-03,002755,奥赛康,15.27,15.50,15.77,15.25,29916.40,1.98
2020-04-07,002755,奥赛康,15.68,15.85,15.93,15.51,38408.39,2.55
2020-04-08,002755,奥赛康,15.79,16.44,16.80,15.77,72569.76,4.81
2020-04-09,002755,奥赛康,16.53,17.13,17.21,16.30,106634.42,7.07
2020-04-10,002755,奥赛康,17.27,16.56,17.32,16.43,74671.49,4.95
2020-04-13,002755,奥赛康,16.48,17.00,17.15,16.32,55249.97,3.66
2020-04-14,002755,奥赛康,17.30,17.43,17.59,16.60,79439.38,5.27
2020-04-15,002755,奥赛康,17.40,17.32,17.65,17.11,61932.24,4.11
2020-04-16,002755,奥赛康,17.10,17.98,18.29,16.86,123603.76,8.20
2020-04-17,002755,奥赛康,18.15,17.58,18.17,17.39,92460.89,6.13
2020-04-20,002755,奥赛康,17.59,17.77,18.06,17.34,65218.18,4.32
2020-04-21,002755,奥赛康,17.59,17.25,17.96,17.20,55997.64,3.71
2020-04-22,002755,奥赛康,17.01,17.40,17.53,16.92,49947.83,3.31
2020-04-23,002755,奥赛康,17.49,18.19,18.51,17.42,109284.63,7.25
2020-04-24,002755,奥赛康,18.11,17.94,18.42,17.84,57421.47,3.81
2020-04-27,002755,奥赛康,18.18,19.73,19.73,17.74,131262.20,8.70
2020-04-28,002755,奥赛康,20.00,19.85,20.70,19.70,191370.20,12.69
2020-04-29,002755,奥赛康,19.60,19.63,20.39,19.46,108366.66,7.19
2020-04-30,002755,奥赛康,18.82,18.73,19.50,18.52,132322.19,8.77
2020-05-06,002755,奥赛康,18.72,18.72,19.17,18.40,88830.62,5.89
2020-05-07,002755,奥赛康,18.70,18.25,18.97,18.16,80078.11,5.31
2020-05-08,002755,奥赛康,18.41,18.56,18.68,18.18,59570.79,3.95
2020-05-11,002755,奥赛康,19.11,20.42,20.42,19.11,181751.92,12.05
2020-05-12,002755,奥赛康,20.39,19.85,20.47,19.61,137674.27,9.13
2020-05-13,002755,奥赛康,20.02,20.00,20.16,19.60,94555.66,6.27
2020-05-14,002755,奥赛康,19.84,18.86,19.84,18.85,98996.31,6.56
2020-05-15,002755,奥赛康,18.99,18.49,19.37,18.47,77490.37,5.14
2020-05-18,002755,奥赛康,18.57,17.95,18.57,17.82,89124.25,5.91
2020-05-19,002755,奥赛康,18.31,18.00,18.37,17.90,53964.12,3.58
2020-05-20,002755,奥赛康,17.90,17.79,18.05,17.58,47482.63,3.15
2020-05-21,002755,奥赛康,17.81,17.45,18.12,17.31,65633.91,4.35
2020-05-22,002755,奥赛康,17.48,17.01,17.64,16.95,51002.45,3.38
2020-05-25,002755,奥赛康,17.02,17.33,17.69,16.90,78011.46,5.17
2020-05-26,002755,奥赛康,17.33,17.39,17.42,17.10,49431.00,3.28
2020-05-27,002755,奥赛康,17.20,17.05,17.57,17.03,45406.45,3.01
2020-05-28,002755,奥赛康,17.10,16.83,17.15,16.56,53945.69,3.58
2020-05-29,002755,奥赛康,16.76,17.13,17.29,16.74,38266.65,2.54
2020-06-01,002755,奥赛康,17.29,17.41,17.45,17.09,51677.32,3.43
2020-06-02,002755,奥赛康,17.41,17.42,17.55,17.26,35915.43,2.38
2020-06-03,002755,奥赛康,17.56,17.13,17.59,17.11,50768.29,3.37
2020-06-04,002755,奥赛康,17.11,17.22,17.28,16.68,54542.97,3.62
2020-06-05,002755,奥赛康,17.11,17.56,17.59,17.07,55679.40,3.69
2020-06-08,002755,奥赛康,17.88,17.92,18.14,17.66,65555.79,4.35
2020-06-09,002755,奥赛康,17.94,18.48,18.59,17.78,77964.25,5.17
2020-06-10,002755,奥赛康,18.51,18.35,18.52,18.10,45841.23,3.04
2020-06-11,002755,奥赛康,18.39,17.96,18.68,17.83,73241.57,4.86
2020-06-12,002755,奥赛康,17.57,18.34,18.48,17.45,69326.96,4.60
2020-06-15,002755,奥赛康,18.38,18.54,18.78,18.20,73202.40,4.85
2020-06-16,002755,奥赛康,18.63,18.68,18.73,18.33,60729.54,4.03
2020-06-17,002755,奥赛康,18.87,18.75,19.19,18.50,80020.44,5.31
2020-06-18,002755,奥赛康,18.80,18.15,18.81,17.89,71863.84,4.77
2020-06-19,002755,奥赛康,17.87,17.82,18.24,17.81,57841.36,3.84
2020-06-22,002755,奥赛康,17.82,18.16,18.26,17.76,56754.17,3.76
2020-06-23,002755,奥赛康,18.15,18.31,18.36,18.00,37747.19,2.50
2020-06-24,002755,奥赛康,18.25,17.78,18.41,17.71,58861.43,3.90
2020-06-29,002755,奥赛康,17.77,17.86,18.14,17.72,36610.48,2.43
2020-06-30,002755,奥赛康,17.86,18.90,19.15,17.80,106571.62,7.01
2020-07-01,002755,奥赛康,19.04,18.55,19.05,18.30,70211.16,4.62
2020-07-02,002755,奥赛康,18.51,18.40,18.80,18.22,65572.15,4.31
2020-07-03,002755,奥赛康,18.44,18.32,18.46,18.03,59805.30,3.93
2020-07-06,002755,奥赛康,18.40,18.75,18.81,18.08,93995.36,6.18
2020-07-07,002755,奥赛康,18.77,18.79,19.25,18.50,99069.11,6.51
2020-07-08,002755,奥赛康,18.68,19.38,19.53,18.65,93898.46,6.17
2020-07-09,002755,奥赛康,20.20,19.97,20.48,19.62,121958.66,8.02
2020-07-10,002755,奥赛康,19.95,20.59,21.50,19.80,132041.95,8.68
2020-07-13,002755,奥赛康,20.78,21.00,21.24,20.45,99668.49,6.55
2020-07-14,002755,奥赛康,20.82,20.33,21.31,19.84,108263.68,7.12
2020-07-15,002755,奥赛康,20.30,20.80,21.50,20.25,123038.26,8.09
2020-07-16,002755,奥赛康,20.66,19.03,20.68,18.86,125051.57,8.22
2020-07-17,002755,奥赛康,19.05,19.08,19.37,18.65,55862.14,3.67
2020-07-20,002755,奥赛康,19.25,19.34,19.46,18.72,48044.09,3.16
2020-07-21,002755,奥赛康,19.40,19.87,19.96,19.24,61996.16,4.08
2020-07-22,002755,奥赛康,19.93,20.62,20.80,19.64,102406.41,6.73
2020-07-23,002755,奥赛康,20.45,20.75,20.90,20.13,93744.28,6.16
2020-07-24,002755,奥赛康,20.70,19.51,20.72,19.50,88054.43,5.79
2020-07-27,002755,奥赛康,19.56,19.28,19.89,19.12,47477.54,3.12
2020-07-28,002755,奥赛康,19.32,18.85,19.53,18.72,58387.77,3.84
2020-07-29,002755,奥赛康,18.80,20.34,20.35,18.65,100942.13,6.64
2020-07-30,002755,奥赛康,20.30,20.75,21.36,20.06,110901.05,7.29
2020-07-31,002755,奥赛康,20.60,20.75,20.95,20.20,80213.13,5.27
2020-08-03,002755,奥赛康,20.92,21.16,21.20,20.51,88202.97,5.80
2020-08-04,002755,奥赛康,21.15,20.92,21.91,20.78,106878.61,7.03
2020-08-05,002755,奥赛康,20.60,21.72,21.72,20.41,96640.62,6.35
2020-08-06,002755,奥赛康,21.60,21.36,22.28,21.14,101352.63,6.66
2020-08-07,002755,奥赛康,21.33,20.81,21.83,20.43,76997.90,5.06
2020-08-10,002755,奥赛康,20.81,20.90,21.14,20.52,48817.27,3.21
2020-08-11,002755,奥赛康,20.81,19.72,20.93,19.70,79523.01,5.23
2020-08-12,002755,奥赛康,19.80,19.34,19.87,18.93,64566.16,4.25
2020-08-13,002755,奥赛康,19.37,19.33,19.56,19.14,27850.30,1.83
2020-08-14,002755,奥赛康,19.26,19.42,19.54,19.02,31682.20,2.08
2020-08-17,002755,奥赛康,19.45,19.75,19.86,19.30,32558.79,2.14
2020-08-18,002755,奥赛康,19.75,19.53,19.89,19.46,36490.64,2.40
2020-08-19,002755,奥赛康,19.56,19.16,19.58,19.11,32609.42,2.14
2020-08-20,002755,奥赛康,19.08,19.09,19.33,18.81,25920.10,1.70
2020-08-21,002755,奥赛康,19.06,19.26,19.45,19.03,25245.50,1.66
2020-08-24,002755,奥赛康,19.23,19.02,19.33,18.66,29657.40,1.95
2020-08-25,002755,奥赛康,19.00,19.08,19.27,19.00,22824.54,1.50
2020-08-26,002755,奥赛康,18.80,17.80,18.88,17.78,85126.12,5.60
2020-08-27,002755,奥赛康,17.85,17.98,18.10,17.50,36598.50,2.41
2020-08-28,002755,奥赛康,18.01,18.47,18.50,18.01,29746.02,1.96
2020-08-31,002755,奥赛康,18.44,18.34,18.64,18.30,25721.33,1.69
2020-09-01,002755,奥赛康,18.39,18.36,18.42,18.10,17135.86,1.13
2020-09-02,002755,奥赛康,18.26,18.32,18.56,18.25,19171.39,1.26
2020-09-03,002755,奥赛康,18.32,18.39,18.68,18.20,24434.65,1.61
2020-09-04,002755,奥赛康,18.11,18.38,18.42,17.90,21125.63,1.39
2020-09-07,002755,奥赛康,18.28,17.80,18.50,17.70,31852.70,2.09
2020-09-08,002755,奥赛康,17.95,17.97,18.08,17.62,19297.99,1.27
2020-09-09,002755,奥赛康,17.97,17.32,17.97,17.30,32935.28,2.17
2020-09-10,002755,奥赛康,17.51,16.81,17.55,16.72,26038.63,1.71
2020-09-11,002755,奥赛康,16.81,17.26,17.31,16.73,19061.71,1.25
2020-09-14,002755,奥赛康,17.25,17.27,17.52,17.07,15449.48,1.02
2020-09-15,002755,奥赛康,17.27,17.49,17.56,17.05,16335.01,1.07
2020-09-16,002755,奥赛康,17.45,17.18,17.51,17.10,15451.71,1.02
2020-09-17,002755,奥赛康,17.21,17.31,17.43,17.01,12208.38,0.80
2020-09-18,002755,奥赛康,17.35,17.50,17.60,17.18,16186.82,1.06
2020-09-21,002755,奥赛康,17.51,17.40,17.63,17.38,12832.00,0.84
2020-09-22,002755,奥赛康,17.40,17.18,17.54,17.05,13785.38,0.91
2020-09-23,002755,奥赛康,17.38,17.42,17.61,17.11,13960.78,0.92
2020-09-24,002755,奥赛康,17.23,17.00,17.34,16.93,15633.46,1.03
2020-09-25,002755,奥赛康,17.18,16.92,17.18,16.82,11346.25,0.75
2020-09-28,002755,奥赛康,16.92,15.95,16.98,15.90,35051.04,2.30
2020-09-29,002755,奥赛康,16.01,16.31,16.62,15.60,23086.25,1.52
2020-09-30,002755,奥赛康,16.38,16.25,16.54,16.05,16153.03,1.06
2020-10-09,002755,奥赛康,16.45,16.66,16.84,16.45,17178.19,1.13
2020-10-12,002755,奥赛康,16.86,17.12,17.15,16.78,23197.06,1.53
2020-10-13,002755,奥赛康,17.03,17.07,17.24,17.00,14742.56,0.97
2020-10-14,002755,奥赛康,17.07,16.85,17.13,16.82,16644.84,1.09
2020-10-15,002755,奥赛康,16.78,16.63,16.97,16.51,22708.08,1.49
2020-10-16,002755,奥赛康,16.69,16.92,16.95,16.44,19728.60,1.30
2020-10-19,002755,奥赛康,16.87,16.52,17.07,16.48,23317.30,1.53
2020-10-20,002755,奥赛康,16.44,16.57,16.60,16.24,13443.99,0.88
2020-10-21,002755,奥赛康,16.59,16.34,16.73,16.25,16099.90,1.06
2020-10-22,002755,奥赛康,16.34,16.05,16.35,15.90,18747.21,1.23
2020-10-23,002755,奥赛康,16.12,15.78,16.28,15.71,17418.24,1.15
2020-10-26,002755,奥赛康,15.90,16.18,16.36,15.67,20267.50,1.33
2020-10-27,002755,奥赛康,16.18,16.40,17.05,16.08,42649.88,2.80
2020-10-28,002755,奥赛康,16.57,16.34,16.57,16.10,22175.20,1.46
2020-10-29,002755,奥赛康,16.28,16.44,16.58,16.11,23410.62,1.54
2020-10-30,002755,奥赛康,16.45,16.23,16.90,16.17,28495.70,1.87
2020-11-02,002755,奥赛康,16.30,16.33,16.36,15.93,22941.40,1.51
2020-11-03,002755,奥赛康,16.32,16.61,16.65,16.30,26223.35,1.72
2020-11-04,002755,奥赛康,16.55,16.89,17.05,16.45,35846.86,2.36
2020-11-05,002755,奥赛康,16.92,16.97,17.21,16.71,31771.36,2.09
2020-11-06,002755,奥赛康,16.96,16.89,16.96,16.67,18613.41,1.22
2020-11-09,002755,奥赛康,16.90,16.88,17.07,16.78,30137.01,1.98
2020-11-10,002755,奥赛康,16.88,16.68,17.07,16.56,23153.70,1.52
2020-11-11,002755,奥赛康,16.74,16.12,16.74,16.10,23355.15,1.54
2020-11-12,002755,奥赛康,16.21,16.15,16.36,16.09,10482.79,0.69
2020-11-13,002755,奥赛康,16.10,16.16,16.20,15.94,10370.41,0.68
2020-11-16,002755,奥赛康,16.17,16.24,16.30,16.05,10406.62,0.68
2020-11-17,002755,奥赛康,16.24,15.92,16.24,15.85,16857.40,1.11
2020-11-18,002755,奥赛康,15.94,15.95,16.12,15.86,13015.56,0.86
2020-11-19,002755,奥赛康,15.92,15.85,16.00,15.76,10606.89,0.70
2020-11-20,002755,奥赛康,15.87,15.97,15.99,15.81,11451.08,0.75
2020-11-23,002755,奥赛康,16.00,15.93,16.07,15.87,13458.76,0.88
2020-11-24,002755,奥赛康,15.90,15.75,15.90,15.60,18501.30,1.22
2020-11-25,002755,奥赛康,15.75,15.43,15.85,15.41,24217.30,1.59
2020-11-26,002755,奥赛康,15.44,15.01,15.55,14.94,29242.65,1.92
2020-11-27,002755,奥赛康,15.00,14.64,15.00,14.34,38193.96,2.51
2020-11-30,002755,奥赛康,14.60,14.90,15.00,14.53,21213.17,1.39
2020-12-01,002755,奥赛康,14.82,14.98,15.25,14.80,17877.80,1.18
2020-12-02,002755,奥赛康,14.99,15.02,15.12,14.87,10427.70,0.69
2020-12-03,002755,奥赛康,15.02,15.20,15.29,14.91,13163.50,0.87
2020-12-04,002755,奥赛康,15.30,15.30,15.37,15.20,10446.15,0.69
2020-12-07,002755,奥赛康,15.21,15.05,15.28,15.01,11798.99,0.78
2020-12-08,002755,奥赛康,15.05,15.06,15.17,15.02,7320.10,0.48
2020-12-09,002755,奥赛康,15.06,14.70,15.09,14.70,12415.70,0.82
2020-12-10,002755,奥赛康,14.60,14.84,14.95,14.60,8429.27,0.55
2020-12-11,002755,奥赛康,14.83,14.73,14.94,14.49,12423.12,0.82
2020-12-14,002755,奥赛康,14.66,14.70,14.80,14.52,10101.78,0.66
2020-12-15,002755,奥赛康,14.71,14.89,14.97,14.56,11792.69,0.78
2020-12-16,002755,奥赛康,15.00,14.66,15.05,14.64,11884.13,0.78
2020-12-17,002755,奥赛康,14.61,14.76,14.80,14.35,17032.02,1.12
2020-12-18,002755,奥赛康,14.82,14.38,14.98,14.28,25619.21,1.68
2020-12-21,002755,奥赛康,14.36,14.16,14.36,14.14,17939.21,1.18
2020-12-22,002755,奥赛康,14.17,13.86,14.37,13.83,24582.54,1.62
2020-12-23,002755,奥赛康,13.82,13.39,13.86,13.30,31411.09,2.07
2020-12-24,002755,奥赛康,13.39,13.29,13.51,13.15,17193.50,1.13
2020-12-25,002755,奥赛康,13.25,13.28,13.35,13.11,13916.50,0.91
2020-12-28,002755,奥赛康,13.28,12.74,13.28,12.70,27035.93,1.78
2020-12-29,002755,奥赛康,12.70,12.90,13.05,12.58,20109.63,1.32
2020-12-30,002755,奥赛康,13.03,12.71,13.05,12.71,11724.02,0.77
2020-12-31,002755,奥赛康,12.73,13.06,13.07,12.66,17194.03,1.00
2021-01-04,002755,奥赛康,13.06,13.06,13.19,12.93,17773.50,1.03
2021-01-05,002755,奥赛康,13.06,12.92,13.15,12.82,22230.78,1.29
2021-01-06,002755,奥赛康,12.92,13.12,13.50,12.92,34941.21,2.03
2021-01-07,002755,奥赛康,13.12,12.69,13.18,12.66,24852.10,1.44
2021-01-08,002755,奥赛康,12.69,12.92,13.05,12.25,24473.69,1.42
2021-01-11,002755,奥赛康,12.85,12.42,12.98,12.31,26980.18,1.57
2021-01-12,002755,奥赛康,12.40,12.48,12.52,12.31,12126.32,0.70
2021-01-13,002755,奥赛康,12.49,12.36,12.75,12.26,14253.39,0.83
2021-01-14,002755,奥赛康,12.36,12.80,13.14,12.35,24229.40,1.41
2021-01-15,002755,奥赛康,13.00,12.86,13.00,12.75,11009.70,0.64
2021-01-18,002755,奥赛康,12.85,12.94,13.08,12.75,16687.19,0.97
2021-01-19,002755,奥赛康,13.00,13.47,13.73,12.86,38490.23,2.23
2021-01-20,002755,奥赛康,13.50,13.27,13.62,13.24,21177.01,1.23
2021-01-21,002755,奥赛康,13.27,13.25,13.33,13.07,18546.03,1.08
2021-01-22,002755,奥赛康,13.24,13.95,14.41,13.20,49776.71,2.89
2021-01-25,002755,奥赛康,13.96,13.92,13.98,13.54,30779.26,1.79
2021-01-26,002755,奥赛康,13.92,13.45,13.92,13.33,26190.50,1.52
2021-01-27,002755,奥赛康,13.44,13.20,13.47,13.00,26398.71,1.53
2021-01-28,002755,奥赛康,13.02,13.22,13.31,12.88,14613.70,0.85
2021-01-29,002755,奥赛康,13.22,12.79,13.42,12.59,23317.03,1.35
2021-02-01,002755,奥赛康,12.75,12.83,13.05,12.61,15021.66,0.87
2021-02-02,002755,奥赛康,12.83,13.35,13.58,12.83,29285.74,1.70
2021-02-03,002755,奥赛康,13.19,13.66,14.18,13.03,39164.47,2.27
2021-02-04,002755,奥赛康,13.27,13.00,13.36,12.86,31282.61,1.82
2021-02-05,002755,奥赛康,12.88,12.92,13.11,12.82,14874.24,0.86
2021-02-08,002755,奥赛康,12.92,13.14,13.15,12.82,12462.50,0.72
2021-02-09,002755,奥赛康,13.04,13.31,13.31,13.03,16940.14,0.98
2021-02-10,002755,奥赛康,13.31,13.52,13.55,13.21,19836.35,1.15
2021-02-18,002755,奥赛康,13.70,13.47,13.93,13.46,24121.77,1.40
2021-02-19,002755,奥赛康,13.80,14.40,14.48,13.67,48444.10,2.81
2021-02-22,002755,奥赛康,14.45,14.33,14.61,14.28,38772.57,2.25
2021-02-23,002755,奥赛康,14.34,14.18,14.42,14.12,22585.85,1.31
2021-02-24,002755,奥赛康,14.31,14.62,15.08,14.21,52970.89,3.07
2021-02-25,002755,奥赛康,14.87,14.41,14.88,14.35,30801.30,1.79
2021-02-26,002755,奥赛康,14.57,14.85,15.05,14.57,38108.06,2.21
2021-03-01,002755,奥赛康,14.86,14.84,14.91,14.62,26371.30,1.53
2021-03-02,002755,奥赛康,14.87,14.40,14.87,14.35,28480.31,1.65
2021-03-03,002755,奥赛康,14.40,14.42,14.57,14.14,20042.91,1.16
2021-03-04,002755,奥赛康,14.39,13.94,14.39,13.88,28141.20,1.63
2021-03-05,002755,奥赛康,13.80,14.13,14.24,13.80,13325.80,0.77
2021-03-08,002755,奥赛康,14.16,14.02,14.33,13.97,14692.80,0.85
2021-03-09,002755,奥赛康,13.94,13.77,14.04,13.36,21588.72,1.25
2021-03-10,002755,奥赛康,13.88,13.49,13.99,13.47,19077.88,1.11
2021-03-11,002755,奥赛康,13.69,13.74,13.75,13.47,10306.00,0.60
2021-03-12,002755,奥赛康,13.81,13.75,13.81,13.55,10732.00,0.62
2021-03-15,002755,奥赛康,13.79,13.75,13.85,13.61,10757.00,0.62
2021-03-16,002755,奥赛康,13.81,14.23,14.26,13.81,24194.80,1.40
2021-03-17,002755,奥赛康,14.25,14.22,14.34,14.13,12333.57,0.72
2021-03-18,002755,奥赛康,14.17,14.44,14.61,14.13,25254.87,1.47
2021-03-19,002755,奥赛康,14.55,14.58,14.88,14.35,28393.50,1.65
2021-03-22,002755,奥赛康,14.58,14.50,14.80,14.40,19929.00,1.16
2021-03-23,002755,奥赛康,14.50,14.37,14.58,14.24,17683.57,1.03
2021-03-24,002755,奥赛康,14.40,13.97,14.41,13.84,25373.01,1.47
2021-03-25,002755,奥赛康,13.98,14.46,14.75,13.90,31693.66,1.84
2021-03-26,002755,奥赛康,14.86,14.74,14.86,14.36,27646.31,1.60
2021-03-29,002755,奥赛康,14.75,14.57,14.75,14.50,16511.10,0.96
2021-03-30,002755,奥赛康,15.07,14.68,15.15,14.58,36504.17,2.12
2021-03-31,002755,奥赛康,14.80,14.97,15.15,14.65,33865.19,1.97
2021-04-01,002755,奥赛康,14.89,14.80,15.00,14.72,23700.92,1.38
2021-04-02,002755,奥赛康,14.80,14.60,14.80,14.60,18733.50,1.09
2021-04-06,002755,奥赛康,14.60,15.02,15.05,14.60,24103.28,1.40
2021-04-07,002755,奥赛康,15.06,15.00,15.15,14.82,24390.90,1.42
2021-04-08,002755,奥赛康,14.89,14.85,15.02,14.81,16287.40,0.95
2021-04-09,002755,奥赛康,14.78,14.50,14.84,14.38,20634.39,1.20
2021-04-12,002755,奥赛康,14.60,14.32,14.63,14.20,15532.90,0.90
2021-04-13,002755,奥赛康,14.22,14.27,14.41,14.16,13501.36,0.78
2021-04-26,002755,奥赛康,15.70,15.70,15.70,15.70,11754.32,0.68
2021-04-27,002755,奥赛康,15.98,14.92,15.98,14.72,102674.17,5.96
2021-04-28,002755,奥赛康,14.45,14.61,14.90,14.35,46905.96,2.72
2021-04-29,002755,奥赛康,14.33,14.06,14.47,14.06,40569.32,2.35
2021-04-30,002755,奥赛康,14.07,14.32,14.63,14.07,29257.25,1.70
2021-05-06,002755,奥赛康,14.29,13.84,14.45,13.84,28191.03,1.64
2021-05-07,002755,奥赛康,13.93,13.67,14.05,13.59,23051.68,1.34
2021-05-10,002755,奥赛康,13.67,13.72,13.85,13.58,13231.41,0.77
2021-05-11,002755,奥赛康,13.71,13.51,13.71,13.44,15927.40,0.92
2021-05-12,002755,奥赛康,13.49,13.90,13.92,13.49,16227.73,0.94
2021-05-13,002755,奥赛康,13.90,14.02,14.17,13.76,19133.10,1.11
2021-05-14,002755,奥赛康,13.97,13.93,14.07,13.81,23947.04,1.39
2021-05-17,002755,奥赛康,13.93,14.05,14.15,13.82,15604.10,0.91
2021-05-18,002755,奥赛康,14.05,13.97,14.17,13.87,13446.90,0.78
2021-05-19,002755,奥赛康,13.97,13.65,13.97,13.58,20230.55,1.17
2021-05-20,002755,奥赛康,13.76,13.78,13.85,13.65,11198.94,0.65
2021-05-21,002755,奥赛康,13.79,13.65,13.85,13.62,10603.00,0.62
2021-05-24,002755,奥赛康,13.65,13.31,13.73,13.19,24685.96,1.43
2021-05-25,002755,奥赛康,13.33,13.56,13.57,13.33,15174.01,0.88
2021-05-26,002755,奥赛康,13.61,13.76,13.84,13.46,17225.31,1.00
2021-05-27,002755,奥赛康,13.83,13.83,13.85,13.68,13913.30,0.81
2021-05-28,002755,奥赛康,13.70,13.32,13.80,13.20,32974.30,1.91
2021-05-31,002755,奥赛康,13.23,13.40,13.47,13.21,13613.81,0.79
2021-06-01,002755,奥赛康,13.39,13.98,14.19,13.31,39323.81,1.11
2021-06-02,002755,奥赛康,13.95,13.83,14.09,13.78,14597.67,0.41
2021-06-03,002755,奥赛康,13.90,13.83,14.02,13.73,12302.87,0.35
2021-06-04,002755,奥赛康,13.83,13.78,13.93,13.70,15708.53,0.44
2021-06-07,002755,奥赛康,13.89,14.11,14.14,13.89,20992.11,0.59
2021-06-08,002755,奥赛康,14.11,13.85,14.11,13.76,20448.67,0.58
2021-06-09,002755,奥赛康,13.75,13.79,13.88,13.66,9148.48,0.26
2021-06-10,002755,奥赛康,13.79,13.68,13.98,13.55,19006.81,0.54
2021-06-11,002755,奥赛康,13.67,13.52,13.68,13.35,14945.27,0.42
2021-06-15,002755,奥赛康,13.60,13.35,13.60,13.31,13310.89,0.38
2021-06-16,002755,奥赛康,13.39,13.09,13.45,13.03,20410.63,0.58
2021-06-17,002755,奥赛康,13.19,13.13,13.20,13.05,11334.77,0.32
2021-06-18,002755,奥赛康,13.05,13.17,13.33,12.93,13859.94,0.39
2021-06-21,002755,奥赛康,13.17,13.10,13.21,12.98,13326.19,0.38
2021-06-22,002755,奥赛康,13.11,13.30,13.30,13.11,13798.34,0.39
2021-06-23,002755,奥赛康,13.31,13.32,13.42,13.24,13810.28,0.39
2021-06-24,002755,奥赛康,13.51,13.33,13.80,13.31,19787.56,0.56
2021-06-25,002755,奥赛康,13.23,13.25,13.38,13.16,14853.70,0.42
2021-06-28,002755,奥赛康,13.25,13.26,13.32,13.06,14745.25,0.42
2021-06-29,002755,奥赛康,13.26,13.40,13.56,13.18,21024.53,0.59
2021-06-30,002755,奥赛康,13.34,13.59,13.62,13.25,20745.02,0.59
2021-07-01,002755,奥赛康,13.60,13.67,13.82,13.45,31157.51,0.88
2021-07-02,002755,奥赛康,13.66,13.57,13.76,13.46,18653.51,0.53
2021-07-05,002755,奥赛康,13.55,13.25,13.64,13.16,18415.11,0.52
2021-07-06,002755,奥赛康,13.20,13.31,13.32,13.11,13772.40,0.39
2021-07-07,002755,奥赛康,13.13,13.21,13.36,13.10,13165.37,0.37
2021-07-08,002755,奥赛康,13.21,13.04,13.25,12.97,17562.25,0.50
2021-07-09,002755,奥赛康,12.96,12.91,13.08,12.80,15496.00,0.44
2021-07-12,002755,奥赛康,12.95,12.93,13.01,12.86,16410.85,0.46
2021-07-13,002755,奥赛康,12.94,13.08,13.19,12.84,19419.75,0.55
2021-07-14,002755,奥赛康,13.56,13.42,13.83,13.35,43965.91,1.24
2021-07-15,002755,奥赛康,13.33,13.30,13.37,13.06,18924.09,0.54
2021-07-16,002755,奥赛康,13.20,13.17,13.27,13.10,14592.10,0.41
2021-07-19,002755,奥赛康,13.17,13.03,13.17,12.98,13659.76,0.39
2021-07-20,002755,奥赛康,12.95,13.02,13.08,12.86,14259.65,0.40
2021-07-21,002755,奥赛康,13.01,13.05,13.10,12.93,11035.70,0.31
2021-07-22,002755,奥赛康,13.04,12.89,13.06,12.88,17398.89,0.49
2021-07-23,002755,奥赛康,12.91,12.61,12.96,12.55,23023.60,0.65
2021-07-26,002755,奥赛康,12.60,12.22,12.62,12.15,20083.40,0.57
2021-07-27,002755,奥赛康,12.21,12.14,12.35,12.11,11269.70,0.32
2021-07-28,002755,奥赛康,12.15,11.92,12.24,11.70,17185.42,0.49
2021-07-29,002755,奥赛康,11.98,11.92,12.09,11.84,11309.60,0.32
2021-07-30,002755,奥赛康,11.90,12.15,12.16,11.71,16431.72,0.46
2021-08-02,002755,奥赛康,12.12,12.17,12.25,11.90,16009.18,0.45
2021-08-03,002755,奥赛康,12.18,12.40,12.50,12.09,18704.69,0.53
2021-08-04,002755,奥赛康,12.34,12.30,12.40,12.21,12387.46,0.35
2021-08-05,002755,奥赛康,12.31,12.18,12.40,12.18,10755.20,0.30
2021-08-06,002755,奥赛康,12.12,12.14,12.23,12.04,9518.85,0.27
2021-08-09,002755,奥赛康,12.12,12.27,12.31,12.11,8356.50,0.24
2021-08-10,002755,奥赛康,12.40,12.23,12.40,12.11,10265.40,0.29
2021-08-11,002755,奥赛康,12.17,12.25,12.33,12.17,9144.65,0.26
2021-08-12,002755,奥赛康,12.20,12.12,12.28,12.12,11172.00,0.32
2021-08-13,002755,奥赛康,12.14,12.10,12.20,12.05,7544.84,0.21
2021-08-16,002755,奥赛康,12.07,12.15,12.20,12.05,9006.64,0.25
2021-08-17,002755,奥赛康,12.20,12.35,12.46,12.08,24723.54,0.70
2021-08-18,002755,奥赛康,12.36,12.44,12.48,12.15,23884.20,0.68
2021-08-19,002755,奥赛康,12.57,12.26,12.57,12.21,15470.67,0.44
2021-08-20,002755,奥赛康,12.26,12.02,12.31,11.95,16923.79,0.48
2021-08-23,002755,奥赛康,11.96,12.04,12.10,11.95,8555.79,0.24
2021-08-24,002755,奥赛康,12.04,12.05,12.11,12.00,8182.20,0.23
2021-08-25,002755,奥赛康,12.09,12.14,12.23,12.05,9477.08,0.27
2021-08-26,002755,奥赛康,12.20,12.01,12.20,12.01,10309.35,0.29
2021-08-27,002755,奥赛康,12.01,12.43,12.58,11.91,34014.30,0.96
2021-08-30,002755,奥赛康,12.20,12.16,12.27,12.10,17274.26,0.49
2021-08-31,002755,奥赛康,12.13,12.08,12.27,12.02,10521.75,0.30
2021-09-01,002755,奥赛康,12.08,12.20,12.38,12.01,16242.30,0.46
2021-09-02,002755,奥赛康,12.19,12.12,12.20,12.10,14322.09,0.40
2021-09-03,002755,奥赛康,12.12,12.25,12.29,12.06,16048.30,0.45
2021-09-06,002755,奥赛康,12.26,12.42,12.44,12.19,16973.78,0.48
2021-09-07,002755,奥赛康,12.42,12.41,12.45,12.30,13105.20,0.37
2021-09-08,002755,奥赛康,12.41,12.49,12.50,12.35,15759.70,0.45
2021-09-09,002755,奥赛康,12.51,12.55,12.58,12.42,15355.51,0.43
2021-09-10,002755,奥赛康,12.56,12.41,12.59,12.30,16884.83,0.48
2021-09-13,002755,奥赛康,12.41,12.32,12.49,12.28,22465.21,0.64
2021-09-14,002755,奥赛康,12.32,12.28,12.46,12.25,18026.90,0.51
2021-09-15,002755,奥赛康,12.24,12.27,12.35,12.12,12821.00,0.36
2021-09-16,002755,奥赛康,12.26,12.30,12.44,12.26,17846.21,0.50
2021-09-17,002755,奥赛康,12.30,12.43,12.43,12.25,14108.10,0.40
2021-09-22,002755,奥赛康,12.34,12.41,12.51,12.31,14252.10,0.40
2021-09-23,002755,奥赛康,12.41,12.70,12.75,12.36,28109.59,0.79
2021-09-24,002755,奥赛康,12.67,12.45,12.72,12.39,22546.44,0.64
2021-09-27,002755,奥赛康,12.45,12.22,12.54,12.03,21341.67,0.60
2021-09-28,002755,奥赛康,12.21,12.19,12.29,12.09,9530.49,0.27
2021-09-29,002755,奥赛康,12.11,11.97,12.22,11.95,16156.90,0.46
2021-09-30,002755,奥赛康,12.00,12.02,12.10,11.94,6305.66,0.18
2021-10-08,002755,奥赛康,12.10,12.21,12.24,12.06,8385.80,0.24
2021-10-11,002755,奥赛康,12.36,12.26,12.38,12.23,9795.56,0.28
2021-10-12,002755,奥赛康,12.21,12.13,12.28,12.09,8762.69,0.25
2021-10-13,002755,奥赛康,12.13,12.30,12.39,12.11,8113.27,0.23
2021-10-14,002755,奥赛康,12.30,12.38,12.48,12.25,12146.77,0.34
2021-10-15,002755,奥赛康,12.44,12.26,12.44,12.20,9404.88,0.27
2021-10-18,002755,奥赛康,12.25,12.06,12.25,11.99,16642.83,0.47
2021-10-19,002755,奥赛康,12.06,12.17,12.17,12.01,7165.23,0.20
2021-10-20,002755,奥赛康,12.16,12.20,12.29,12.05,9457.40,0.27
2021-10-21,002755,奥赛康,12.27,12.23,12.52,12.18,23029.14,0.65
2021-10-22,002755,奥赛康,12.38,12.55,12.68,12.26,38024.04,1.08
2021-10-25,002755,奥赛康,12.69,12.56,12.74,12.38,34742.53,0.98
2021-10-26,002755,奥赛康,12.62,13.60,13.82,12.49,90241.03,2.55
2021-10-28,002755,奥赛康,12.24,12.24,12.25,12.24,13447.00,0.38
2021-10-29,002755,奥赛康,11.11,11.66,11.85,11.10,67278.87,1.90
2021-11-01,002755,奥赛康,11.26,11.31,11.58,11.26,39855.38,1.13
2021-11-02,002755,奥赛康,11.31,10.83,11.46,10.81,37025.65,1.05
2021-11-03,002755,奥赛康,10.80,10.64,10.82,10.55,27905.20,0.79
2021-11-04,002755,奥赛康,10.65,10.95,10.96,10.64,17397.90,0.49
2021-11-05,002755,奥赛康,10.88,10.83,11.05,10.78,14022.98,0.40
2021-11-08,002755,奥赛康,10.80,10.85,10.93,10.72,10389.92,0.29
2021-11-09,002755,奥赛康,10.85,10.99,11.06,10.85,10230.70,0.29
2021-11-10,002755,奥赛康,10.92,11.21,11.21,10.92,17135.37,0.48
2021-11-11,002755,奥赛康,11.16,11.19,11.24,11.11,12113.20,0.34
2021-11-12,002755,奥赛康,11.18,11.12,11.22,11.01,13165.30,0.37
2021-11-15,002755,奥赛康,11.15,11.26,11.32,11.02,14648.80,0.41
2021-11-16,002755,奥赛康,11.19,11.19,11.28,11.13,10844.40,0.31
2021-11-17,002755,奥赛康,11.49,11.73,12.20,11.47,41428.05,1.17
2021-11-18,002755,奥赛康,11.71,11.57,11.97,11.50,26739.28,0.76
2021-11-19,002755,奥赛康,11.46,11.53,11.60,11.41,11568.30,0.33
2021-11-22,002755,奥赛康,11.69,11.94,12.05,11.68,24424.21,0.69
2021-11-23,002755,奥赛康,11.96,11.82,11.96,11.70,14968.50,0.42
2021-11-24,002755,奥赛康,11.82,11.75,11.89,11.74,11757.91,0.33
2021-11-25,002755,奥赛康,11.80,11.75,11.89,11.60,13497.51,0.38
2021-11-26,002755,奥赛康,11.75,11.66,11.82,11.63,8396.10,0.24
2021-11-29,002755,奥赛康,11.69,11.45,11.83,11.42,22026.70,0.62
2021-11-30,002755,奥赛康,11.47,11.51,11.64,11.45,12057.40,0.34
2021-12-01,002755,奥赛康,11.56,11.68,11.75,11.44,16122.50,0.46
2021-12-02,002755,奥赛康,11.70,11.54,11.77,11.50,12422.10,0.35
2021-12-03,002755,奥赛康,11.55,11.59,11.64,11.46,10746.00,0.30
2021-12-06,002755,奥赛康,11.66,11.50,11.79,11.49,13302.77,0.38
2021-12-07,002755,奥赛康,11.54,11.26,11.59,11.22,14553.70,0.41
2021-12-08,002755,奥赛康,11.27,11.34,11.36,11.20,8546.07,0.24
2021-12-09,002755,奥赛康,11.35,11.46,11.48,11.30,10525.70,0.30
2021-12-10,002755,奥赛康,11.48,11.38,11.52,11.33,14854.70,0.42
2021-12-13,002755,奥赛康,11.38,11.36,11.47,11.33,7307.80,0.21
2021-12-14,002755,奥赛康,11.31,11.35,11.45,11.31,7169.80,0.20
2021-12-15,002755,奥赛康,11.37,11.39,11.44,11.31,9387.82,0.27
2021-12-16,002755,奥赛康,11.46,11.94,12.06,11.30,31646.69,0.89
2021-12-17,002755,奥赛康,11.70,11.56,11.75,11.53,25408.03,0.72
2021-12-20,002755,奥赛康,11.60,11.68,11.97,11.56,29725.45,0.84
2021-12-21,002755,奥赛康,11.66,11.78,11.79,11.60,11083.71,0.31
2021-12-22,002755,奥赛康,11.79,11.85,11.89,11.73,18415.70,0.52
2021-12-23,002755,奥赛康,11.81,11.69,11.87,11.66,9797.84,0.28
2021-12-24,002755,奥赛康,11.69,11.74,11.82,11.48,15747.49,0.45
2021-12-27,002755,奥赛康,11.74,12.10,12.18,11.69,34526.20,0.98
2021-12-28,002755,奥赛康,12.30,12.01,12.30,11.89,17593.75,0.50
2021-12-29,002755,奥赛康,12.18,12.22,12.48,11.95,27924.18,0.79
2021-12-30,002755,奥赛康,12.22,12.24,12.32,12.09,18134.40,0.51
2021-12-31,002755,奥赛康,12.24,12.73,13.16,12.24,57359.46,1.62
2022-01-04,002755,奥赛康,12.72,12.85,13.03,12.61,30980.66,0.88
2022-01-05,002755,奥赛康,12.80,13.21,13.48,12.46,77187.49,2.18
2022-01-06,002755,奥赛康,13.72,13.30,14.28,13.10,99185.41,2.80
2022-01-07,002755,奥赛康,13.01,12.79,13.57,12.75,84996.70,2.40
2022-01-10,002755,奥赛康,12.76,12.92,13.14,12.76,42818.29,1.21
2022-01-11,002755,奥赛康,13.10,12.97,13.25,12.90,36834.50,1.04
2022-01-12,002755,奥赛康,12.98,13.20,13.36,12.85,49061.94,1.39
2022-01-13,002755,奥赛康,13.19,12.85,13.30,12.79,35869.76,1.01
2022-01-14,002755,奥赛康,12.89,12.88,13.08,12.64,27146.80,0.77
2022-01-17,002755,奥赛康,12.94,12.97,13.14,12.79,27631.46,0.78
2022-01-18,002755,奥赛康,13.01,12.55,13.15,12.50,29030.67,0.82
2022-01-19,002755,奥赛康,12.52,12.44,12.62,12.35,18276.00,0.52
2022-01-20,002755,奥赛康,12.44,12.19,12.58,12.16,21079.70,0.60
2022-01-21,002755,奥赛康,12.23,11.96,12.26,11.94,21175.50,0.60
2022-01-24,002755,奥赛康,11.90,11.71,12.11,11.60,19787.75,0.56
2022-01-25,002755,奥赛康,11.66,11.30,11.83,11.28,18534.38,0.20
2022-01-26,002755,奥赛康,11.33,11.30,11.41,11.16,15642.00,0.17
2022-01-27,002755,奥赛康,11.32,11.08,11.39,11.03,17567.37,0.19
2022-01-28,002755,奥赛康,11.14,11.05,11.20,10.91,13002.31,0.14
2022-02-07,002755,奥赛康,11.18,11.23,11.28,11.00,10571.70,0.11
2022-02-08,002755,奥赛康,11.30,11.42,11.60,11.27,13629.83,0.15
2022-02-09,002755,奥赛康,11.45,11.94,12.00,11.40,23536.09,0.25
2022-02-10,002755,奥赛康,11.94,11.92,12.04,11.80,9827.00,0.11
2022-02-11,002755,奥赛康,11.91,11.64,11.91,11.63,12767.15,0.14
2022-02-14,002755,奥赛康,11.58,11.68,11.72,11.55,9659.94,0.10
2022-02-15,002755,奥赛康,11.64,11.66,11.75,11.59,8630.47,0.09
2022-02-16,002755,奥赛康,11.74,11.60,11.74,11.59,13357.20,0.14
2022-02-17,002755,奥赛康,11.59,11.42,11.69,11.40,11604.40,0.13
2022-02-18,002755,奥赛康,11.47,11.53,11.55,11.01,10558.50,0.11
2022-02-21,002755,奥赛康,11.58,11.74,11.75,11.49,16817.50,0.18
2022-02-22,002755,奥赛康,11.65,11.66,11.70,11.50,10961.50,0.12
2022-02-23,002755,奥赛康,11.65,11.74,11.88,11.64,10488.14,0.11
2022-02-24,002755,奥赛康,11.69,11.40,11.84,11.28,17830.62,0.19
2022-02-25,002755,奥赛康,11.40,11.59,11.68,11.40,14074.53,0.15
2022-02-28,002755,奥赛康,11.60,11.67,11.77,11.42,11350.00,0.12
2022-03-01,002755,奥赛康,11.78,11.68,11.81,11.60,7487.33,0.08
2022-03-02,002755,奥赛康,11.69,11.74,11.76,11.55,10110.90,0.11
2022-03-03,002755,奥赛康,11.77,11.69,11.80,11.65,12338.92,0.13
2022-03-04,002755,奥赛康,11.60,11.81,11.96,11.60,18568.18,0.20
2022-03-07,002755,奥赛康,11.81,11.71,11.90,11.68,14205.50,0.15
2022-03-08,002755,奥赛康,11.72,11.14,11.72,11.13,17299.13,0.19
2022-03-09,002755,奥赛康,11.17,10.91,11.31,10.56,20157.52,0.22
2022-03-10,002755,奥赛康,11.11,11.26,11.35,10.93,15355.10,0.17
2022-03-11,002755,奥赛康,11.10,11.51,11.54,11.06,16328.52,0.18
2022-03-14,002755,奥赛康,11.51,11.41,11.69,11.35,15109.70,0.16
2022-03-15,002755,奥赛康,11.36,10.87,11.40,10.87,16591.60,0.18
2022-03-16,002755,奥赛康,10.98,10.98,11.13,10.50,18632.70,0.20
2022-03-17,002755,奥赛康,11.04,11.21,11.38,11.04,14921.09,0.16
2022-03-18,002755,奥赛康,11.21,11.27,11.39,11.11,9167.14,0.10
2022-03-21,002755,奥赛康,11.27,11.35,11.47,11.09,23712.28,0.26
2022-03-22,002755,奥赛康,11.30,11.40,11.45,11.21,17123.45,0.18
2022-03-23,002755,奥赛康,11.40,11.56,11.72,11.34,22571.68,0.24
2022-03-24,002755,奥赛康,11.50,12.21,12.72,11.39,87501.12,0.94
2022-03-25,002755,奥赛康,12.20,11.75,12.20,11.75,56459.21,0.61
2022-03-28,002755,奥赛康,11.71,11.74,11.85,11.56,24213.10,0.26
2022-03-29,002755,奥赛康,11.69,11.77,11.89,11.60,23639.90,0.25
2022-03-30,002755,奥赛康,11.84,11.78,12.10,11.68,23940.98,0.26
2022-03-31,002755,奥赛康,11.78,11.90,12.09,11.68,23375.66,0.25
2022-04-01,002755,奥赛康,11.84,11.63,11.95,11.59,20810.00,0.22
2022-04-06,002755,奥赛康,11.65,11.78,11.88,11.63,14177.50,0.15
2022-04-07,002755,奥赛康,11.81,11.51,11.81,11.50,13712.10,0.15
2022-04-08,002755,奥赛康,11.62,11.18,11.69,11.14,15844.33,0.17
2022-04-11,002755,奥赛康,11.08,10.83,11.15,10.81,15890.71,0.17
2022-04-12,002755,奥赛康,10.86,10.91,10.93,10.65,13240.20,0.14
2022-04-13,002755,奥赛康,10.86,10.71,10.86,10.69,11334.61,0.12
2022-04-14,002755,奥赛康,10.68,10.77,10.86,10.68,8107.00,0.09
2022-04-15,002755,奥赛康,10.88,10.60,10.88,10.59,10023.00,0.11
2022-04-18,002755,奥赛康,10.59,10.67,10.85,10.38,8483.80,0.09
2022-04-19,002755,奥赛康,10.71,10.60,10.75,10.56,6544.50,0.07
2022-04-20,002755,奥赛康,10.60,10.53,10.69,10.50,8551.70,0.09
2022-04-21,002755,奥赛康,10.52,9.99,10.56,9.92,15345.28,0.17
2022-04-22,002755,奥赛康,10.00,9.60,10.00,9.48,12808.10,0.14
2022-04-25,002755,奥赛康,9.59,8.93,9.60,8.85,17038.28,0.18
2022-04-26,002755,奥赛康,8.95,8.62,9.09,8.57,25765.70,0.28
2022-04-27,002755,奥赛康,8.60,8.78,8.88,8.31,24056.88,0.26
2022-04-28,002755,奥赛康,8.93,8.72,9.09,8.63,19033.78,0.21
2022-04-29,002755,奥赛康,8.79,9.30,9.45,8.72,22768.76,0.25
2022-05-05,002755,奥赛康,9.05,9.06,9.32,8.97,24330.42,0.26
2022-05-06,002755,奥赛康,8.88,8.85,9.01,8.83,13032.91,0.14
2022-05-09,002755,奥赛康,8.80,9.08,9.10,8.77,9714.32,0.10
2022-05-10,002755,奥赛康,9.01,9.09,9.22,8.86,11575.20,0.12
2022-05-11,002755,奥赛康,9.18,8.98,9.28,8.98,13196.80,0.14
2022-05-12,002755,奥赛康,8.96,9.19,9.26,8.61,15459.32,0.17
2022-05-13,002755,奥赛康,9.23,9.34,9.38,9.10,17859.40,0.19
2022-05-16,002755,奥赛康,9.35,9.10,9.38,9.03,14288.40,0.15
2022-05-17,002755,奥赛康,9.18,8.87,9.18,8.81,15095.70,0.16
2022-05-18,002755,奥赛康,8.85,8.91,8.99,8.83,10350.98,0.11
2022-05-19,002755,奥赛康,8.88,8.85,8.88,8.72,8295.40,0.09
2022-05-20,002755,奥赛康,8.85,8.97,9.02,8.85,10710.38,0.12
2022-05-23,002755,奥赛康,8.99,9.21,9.21,8.99,13158.98,0.14
2022-05-24,002755,奥赛康,9.30,8.72,9.30,8.70,18645.20,0.20
2022-05-25,002755,奥赛康,8.74,8.93,9.02,8.68,13169.02,0.14
2022-05-26,002755,奥赛康,9.00,8.90,9.00,8.77,12244.19,0.13
2022-05-27,002755,奥赛康,8.94,8.96,9.14,8.92,14519.34,0.16
2022-05-30,002755,奥赛康,9.05,8.94,9.07,8.87,9110.41,0.10
2022-05-31,002755,奥赛康,9.07,9.22,9.25,8.92,17196.50,0.19
2022-06-01,002755,奥赛康,9.28,9.16,9.32,9.10,14263.95,0.15
2022-06-02,002755,奥赛康,9.15,9.20,9.26,9.03,10659.90,0.11
2022-06-06,002755,奥赛康,9.18,9.27,9.32,9.14,18543.18,0.20
2022-06-07,002755,奥赛康,9.28,9.35,9.36,9.14,18520.00,0.20
2022-06-08,002755,奥赛康,9.54,10.29,10.29,9.37,55773.57,0.60
2022-06-09,002755,奥赛康,10.49,9.87,10.67,9.79,88590.80,0.95
2022-06-10,002755,奥赛康,9.70,9.87,9.95,9.60,39063.53,0.42
2022-06-13,002755,奥赛康,9.86,9.72,9.86,9.62,30168.27,0.33
2022-06-14,002755,奥赛康,9.76,9.89,10.29,9.58,41895.01,0.45
2022-06-15,002755,奥赛康,9.84,9.69,9.90,9.65,32618.07,0.35
2022-06-16,002755,奥赛康,9.65,9.61,9.74,9.60,21792.30,0.23
2022-06-17,002755,奥赛康,9.64,9.72,9.72,9.41,23962.50,0.26
2022-06-20,002755,奥赛康,9.62,9.69,9.70,9.54,18506.50,0.20
2022-06-21,002755,奥赛康,9.70,9.60,9.72,9.48,19091.00,0.21
2022-06-22,002755,奥赛康,9.50,9.39,9.60,9.39,17769.80,0.19
2022-06-23,002755,奥赛康,9.49,9.48,9.52,9.30,11570.80,0.12
2022-06-24,002755,奥赛康,9.55,9.58,9.66,9.43,16965.18,0.18
2022-06-27,002755,奥赛康,9.68,9.53,9.75,9.51,16552.92,0.18
2022-06-28,002755,奥赛康,9.50,9.59,9.64,9.45,15727.01,0.17
2022-06-29,002755,奥赛康,9.57,9.49,9.72,9.45,22515.80,0.24
2022-06-30,002755,奥赛康,9.46,9.48,9.64,9.44,14146.00,0.15
2022-07-01,002755,奥赛康,9.49,9.37,9.57,9.34,15183.30,0.16
2022-07-04,002755,奥赛康,9.35,9.58,9.61,9.35,19071.80,0.21
2022-07-05,002755,奥赛康,9.64,9.40,9.64,9.33,15255.00,0.16
2022-07-06,002755,奥赛康,9.52,9.27,9.52,9.21,12187.17,0.13
2022-07-07,002755,奥赛康,9.30,9.22,9.36,9.16,10040.46,0.11
2022-07-08,002755,奥赛康,9.22,9.33,9.45,9.22,12753.33,0.14
2022-07-11,002755,奥赛康,9.34,9.34,9.44,9.25,10823.83,0.12
2022-07-14,002755,奥赛康,9.33,9.33,9.50,9.24,15754.44,0.17
2022-07-15,002755,奥赛康,9.27,8.72,9.28,8.68,35739.36,0.39
2022-07-18,002755,奥赛康,8.74,9.00,9.03,8.70,18193.47,0.20
2022-07-19,002755,奥赛康,9.03,9.08,9.13,8.96,11565.70,0.12
2022-07-20,002755,奥赛康,9.09,9.21,9.24,9.07,13145.32,0.14
2022-07-21,002755,奥赛康,9.19,9.17,9.28,9.13,10233.51,0.11
2022-07-22,002755,奥赛康,9.12,9.07,9.25,8.97,9870.91,0.11
2022-07-25,002755,奥赛康,9.19,9.05,9.20,9.02,8778.41,0.09
2022-07-26,002755,奥赛康,9.05,9.10,9.12,8.90,9920.70,0.11
2022-07-27,002755,奥赛康,9.10,9.11,9.19,9.01,11900.80,0.13
2022-07-28,002755,奥赛康,9.13,9.09,9.16,9.04,8435.03,0.09
2022-07-29,002755,奥赛康,9.07,9.02,9.09,8.96,9789.22,0.11
2022-08-01,002755,奥赛康,9.01,8.93,9.04,8.89,9229.39,0.10
2022-08-04,002755,奥赛康,8.55,8.60,8.69,8.47,9991.21,0.11
2022-08-05,002755,奥赛康,8.62,8.73,8.74,8.58,12243.96,0.13
2022-08-08,002755,奥赛康,8.75,8.77,8.89,8.73,8070.98,0.09
2022-08-09,002755,奥赛康,8.77,8.69,8.80,8.66,8186.42,0.09
2022-08-11,002755,奥赛康,8.80,8.87,8.87,8.70,13686.22,0.15
2022-08-12,002755,奥赛康,8.88,8.87,8.92,8.75,9463.67,0.10
2022-08-15,002755,奥赛康,8.85,8.81,8.88,8.75,10245.54,0.11
2022-08-16,002755,奥赛康,8.76,8.78,8.82,8.71,10802.10,0.12
2022-08-17,002755,奥赛康,8.82,8.85,8.88,8.73,10697.78,0.12
2022-08-18,002755,奥赛康,8.86,8.86,8.88,8.75,14453.49,0.16
2022-08-19,002755,奥赛康,8.87,8.84,8.96,8.83,11561.55,0.12
2022-08-23,002755,奥赛康,8.78,8.79,8.81,8.73,7929.09,0.09
2022-08-24,002755,奥赛康,8.81,8.61,8.85,8.55,13138.17,0.14
2022-08-25,002755,奥赛康,8.62,8.52,8.75,8.48,10408.70,0.11
2022-08-26,002755,奥赛康,8.54,8.51,8.64,8.50,8274.50,0.09
2022-08-29,002755,奥赛康,8.42,8.61,8.63,8.32,10732.19,0.12
2022-08-30,002755,奥赛康,8.58,8.73,8.81,8.58,12199.29,0.13
2022-08-31,002755,奥赛康,8.78,8.66,8.79,8.60,11326.37,0.12
2022-09-01,002755,奥赛康,8.64,8.58,8.72,8.58,7839.67,0.08
2022-09-02,002755,奥赛康,8.66,8.70,8.71,8.57,10289.09,0.11
2022-09-05,002755,奥赛康,8.73,8.73,8.81,8.64,11559.76,0.12
2022-09-06,002755,奥赛康,8.75,8.79,8.81,8.69,12230.18,0.13
2022-09-07,002755,奥赛康,8.80,8.71,8.80,8.70,8861.22,0.10
2022-09-08,002755,奥赛康,8.85,8.61,8.90,8.59,14674.06,0.16
2022-09-09,002755,奥赛康,8.61,8.66,8.69,8.58,8347.42,0.09
2022-09-13,002755,奥赛康,8.66,8.65,8.70,8.60,8311.39,0.09
2022-09-14,002755,奥赛康,8.54,8.67,8.69,8.44,9201.99,0.10
2022-09-15,002755,奥赛康,8.62,8.42,8.72,8.33,16150.48,0.17
2022-09-16,002755,奥赛康,8.48,8.04,8.49,8.02,21095.39,0.23
2022-09-19,002755,奥赛康,8.05,7.97,8.06,7.81,12029.70,0.13
2022-09-20,002755,奥赛康,7.97,7.94,8.03,7.92,7372.50,0.08
2022-09-21,002755,奥赛康,7.83,8.08,8.12,7.83,11015.00,0.12
2022-09-22,002755,奥赛康,8.07,7.90,8.07,7.87,9286.91,0.10
2022-09-23,002755,奥赛康,7.94,7.74,7.94,7.71,8099.11,0.09
2022-09-26,002755,奥赛康,7.74,7.55,7.76,7.55,9252.41,0.10
2022-09-27,002755,奥赛康,7.55,7.83,7.84,7.55,14757.97,0.16
2022-09-28,002755,奥赛康,7.81,7.77,8.06,7.77,14693.00,0.16
2022-09-29,002755,奥赛康,7.89,7.82,8.00,7.80,10720.53,0.12
2022-09-30,002755,奥赛康,7.87,7.94,8.04,7.79,11626.68,0.13
2022-10-10,002755,奥赛康,7.94,7.77,8.05,7.75,15804.50,0.17
2022-10-12,002755,奥赛康,7.66,7.70,7.72,7.46,11711.60,0.13
2022-10-13,002755,奥赛康,7.70,8.47,8.47,7.65,44684.22,0.48
2022-10-14,002755,奥赛康,8.60,8.79,9.04,8.50,125526.92,1.35
2022-10-17,002755,奥赛康,8.60,8.74,8.85,8.54,74027.88,0.80
2022-10-18,002755,奥赛康,8.74,8.87,8.95,8.61,65771.48,0.71
2022-10-19,002755,奥赛康,9.12,9.76,9.76,9.06,222173.67,2.39
2022-10-20,002755,奥赛康,8.79,9.27,9.69,8.79,204860.07,2.21
2022-10-21,002755,奥赛康,8.98,8.92,9.14,8.76,125000.59,1.35
2022-10-24,002755,奥赛康,8.95,8.37,9.03,8.37,95422.70,1.03
2022-10-27,002755,奥赛康,8.39,8.42,8.51,8.22,52028.91,0.56
2022-10-28,002755,奥赛康,8.35,8.17,8.59,8.08,51457.12,0.55
2022-11-01,002755,奥赛康,8.18,8.39,8.44,8.01,62560.02,0.67
2022-11-02,002755,奥赛康,8.28,8.36,8.57,8.20,61957.62,0.67
2022-11-03,002755,奥赛康,8.25,8.33,8.44,8.20,36215.70,0.39
2022-11-04,002755,奥赛康,8.29,8.30,8.41,8.22,46405.41,0.50
2022-11-07,002755,奥赛康,8.28,8.38,8.38,8.24,43361.82,0.47
2022-11-08,002755,奥赛康,8.40,8.57,8.61,8.18,69113.52,0.74
2022-11-09,002755,奥赛康,8.58,8.72,8.75,8.46,76241.43,0.82
2022-11-10,002755,奥赛康,8.70,8.90,9.23,8.63,96063.34,1.04
2022-11-11,002755,奥赛康,9.04,8.50,9.06,8.48,91857.60,0.99
2022-11-14,002755,奥赛康,8.39,9.35,9.35,8.39,132401.49,1.43
2022-11-15,002755,奥赛康,9.72,9.42,9.76,9.21,219986.97,2.37
2022-11-16,002755,奥赛康,9.28,9.11,9.35,9.08,111128.28,1.20
2022-11-17,002755,奥赛康,9.03,9.15,9.27,9.02,69849.62,0.75
2022-11-18,002755,奥赛康,9.21,9.17,9.28,9.05,67879.99,0.73
2022-11-21,002755,奥赛康,9.28,9.20,9.36,9.01,55852.44,0.60
2022-11-22,002755,奥赛康,9.25,8.98,9.45,8.92,70252.24,0.76
2022-11-23,002755,奥赛康,8.98,8.84,8.99,8.68,54979.80,0.59
2022-11-24,002755,奥赛康,8.81,8.92,8.95,8.70,36058.36,0.39
2022-11-25,002755,奥赛康,8.85,8.97,9.14,8.65,44700.10,0.48
2022-11-28,002755,奥赛康,8.97,8.85,9.11,8.79,34201.30,0.37
2022-11-29,002755,奥赛康,8.81,9.10,9.14,8.78,48373.70,0.52
2022-11-30,002755,奥赛康,9.04,8.94,9.13,8.90,37644.00,0.41
2022-12-01,002755,奥赛康,9.04,8.88,9.05,8.82,34303.80,0.37
2022-12-02,002755,奥赛康,8.86,8.83,8.90,8.81,24176.00,0.26
2022-12-05,002755,奥赛康,8.86,9.03,9.03,8.82,31511.09,0.34
2022-12-06,002755,奥赛康,9.04,8.74,9.04,8.72,45330.99,0.49
2022-12-07,002755,奥赛康,8.74,8.93,8.99,8.62,40184.70,0.43
2022-12-08,002755,奥赛康,8.83,8.89,8.99,8.79,27685.85,0.30
2022-12-09,002755,奥赛康,8.93,8.70,8.95,8.70,37141.32,0.40
2022-12-12,002755,奥赛康,8.71,9.10,9.14,8.71,71693.70,0.77
2022-12-13,002755,奥赛康,9.10,9.27,9.29,8.83,92496.40,1.00
2022-12-14,002755,奥赛康,9.17,8.89,9.17,8.80,68393.50,0.74
2022-12-15,002755,奥赛康,8.80,8.82,8.94,8.76,28354.16,0.31
2022-12-16,002755,奥赛康,8.82,9.08,9.17,8.82,84611.49,0.91
2022-12-19,002755,奥赛康,9.14,8.57,9.15,8.43,73393.45,0.79
2022-12-20,002755,奥赛康,8.52,8.26,8.58,8.20,33729.20,0.36
2022-12-21,002755,奥赛康,8.28,8.40,8.40,8.17,27756.00,0.30
2022-12-22,002755,奥赛康,8.43,8.22,8.46,8.18,22942.04,0.25
2022-12-23,002755,奥赛康,8.19,8.23,8.27,8.15,15376.70,0.17
2022-12-26,002755,奥赛康,8.15,8.08,8.29,8.00,21374.90,0.23
2022-12-27,002755,奥赛康,8.05,7.94,8.12,7.88,26421.66,0.28
2022-12-28,002755,奥赛康,7.95,7.97,8.04,7.90,14589.00,0.16
2022-12-29,002755,奥赛康,7.94,7.98,8.08,7.89,16851.00,0.18
2022-12-30,002755,奥赛康,8.19,7.94,8.19,7.88,20160.00,0.22
2023-01-03,002755,奥赛康,8.03,8.10,8.12,7.98,20168.00,0.22
2023-01-04,002755,奥赛康,8.14,8.13,8.18,8.05,17630.00,0.19
2023-01-05,002755,奥赛康,8.07,8.15,8.19,8.07,14591.70,0.16
2023-01-06,002755,奥赛康,8.18,8.08,8.18,8.05,16137.27,0.17
2023-01-09,002755,奥赛康,8.22,8.15,8.33,8.10,23618.90,0.25
2023-01-10,002755,奥赛康,8.16,8.11,8.18,8.06,12087.95,0.13
2023-01-11,002755,奥赛康,8.01,8.01,8.14,8.00,13627.00,0.15
2023-01-12,002755,奥赛康,8.02,7.98,8.04,7.95,10607.82,0.11
2023-01-13,002755,奥赛康,7.98,8.05,8.06,7.96,8662.50,0.09
2023-01-16,002755,奥赛康,8.07,8.19,8.22,8.05,17599.47,0.19
2023-01-17,002755,奥赛康,8.17,8.19,8.22,8.11,10000.00,0.11
2023-01-18,002755,奥赛康,8.19,8.15,8.20,8.14,7469.00,0.08
2023-01-19,002755,奥赛康,8.20,8.19,8.24,8.09,13500.00,0.15
2023-01-20,002755,奥赛康,8.22,8.27,8.35,8.21,13400.00,0.14
2023-01-30,002755,奥赛康,8.35,8.31,8.41,8.29,15800.00,0.17
2023-01-31,002755,奥赛康,8.23,8.30,8.33,8.12,16600.00,0.18
2023-02-01,002755,奥赛康,8.30,8.35,8.35,8.26,21600.00,0.23
2023-02-02,002755,奥赛康,8.35,8.39,8.45,8.33,26300.00,0.28
2023-02-03,002755,奥赛康,8.40,8.36,8.44,8.26,16300.00,0.18
2023-02-06,002755,奥赛康,8.37,8.35,8.40,8.30,13700.00,0.15
2023-02-07,002755,奥赛康,8.38,8.34,8.41,8.30,12700.00,0.14
2023-02-08,002755,奥赛康,8.32,8.32,8.39,8.31,11900.00,0.13
2023-02-09,002755,奥赛康,8.32,8.39,8.39,8.30,14100.00,0.15
2023-02-10,002755,奥赛康,8.37,8.43,8.54,8.37,17800.00,0.19
2023-02-13,002755,奥赛康,8.80,8.87,9.27,8.78,123000.00,1.32
2023-02-14,002755,奥赛康,8.89,9.06,9.31,8.78,120224.72,1.30
2023-02-15,002755,奥赛康,9.00,8.86,9.03,8.81,55500.00,0.60
2023-02-16,002755,奥赛康,8.86,8.64,8.98,8.57,55400.00,0.60
2023-02-17,002755,奥赛康,8.64,8.72,8.84,8.64,35800.00,0.39
2023-02-20,002755,奥赛康,8.73,8.72,8.77,8.54,25100.00,0.27
2023-02-21,002755,奥赛康,8.70,8.73,8.79,8.69,17800.00,0.19
2023-02-22,002755,奥赛康,8.65,8.77,8.80,8.65,15936.00,0.17
2023-02-23,002755,奥赛康,8.80,9.51,9.65,8.75,194000.00,2.09
2023-02-24,002755,奥赛康,9.32,9.15,9.40,9.10,167000.00,1.79
2023-02-27,002755,奥赛康,9.24,9.14,9.31,9.09,63800.00,0.69
2023-02-28,002755,奥赛康,9.09,9.16,9.19,9.07,45700.00,0.49
2023-03-01,002755,奥赛康,9.19,9.32,9.39,9.12,92500.00,1.00
2023-03-02,002755,奥赛康,9.33,10.25,10.25,9.25,229000.00,2.47
2023-03-03,002755,奥赛康,10.25,10.01,10.65,9.90,276000.00,2.97
2023-03-06,002755,奥赛康,10.07,10.05,10.40,10.00,102000.00,1.10
2023-03-07,002755,奥赛康,10.06,9.69,10.23,9.61,115000.00,1.23
2023-03-08,002755,奥赛康,9.69,9.67,9.76,9.55,61200.00,0.66
2023-03-09,002755,奥赛康,9.75,9.65,10.10,9.60,93200.00,1.00
2023-03-10,002755,奥赛康,9.40,9.54,9.59,9.39,58400.00,0.63
2023-03-13,002755,奥赛康,9.45,9.50,9.54,9.34,46526.01,0.50
2023-03-14,002755,奥赛康,9.45,9.38,9.71,9.31,61400.00,0.66
2023-03-15,002755,奥赛康,9.46,9.51,9.64,9.41,45100.00,0.49
2023-03-16,002755,奥赛康,9.54,9.36,9.57,9.30,39700.00,0.43
2023-03-17,002755,奥赛康,9.44,9.40,9.60,9.35,51200.00,0.55
2023-03-20,002755,奥赛康,9.46,9.18,9.46,9.07,60200.00,0.65
2023-03-21,002755,奥赛康,9.32,9.45,9.46,9.20,50200.00,0.54
2023-03-22,002755,奥赛康,9.51,9.33,9.51,9.29,35400.00,0.38
2023-03-23,002755,奥赛康,9.60,9.60,9.62,9.28,73600.00,0.79
2023-03-24,002755,奥赛康,9.69,9.35,9.77,9.29,61500.00,0.66
2023-03-27,002755,奥赛康,9.36,9.23,9.36,9.17,31300.00,0.34
2023-03-28,002755,奥赛康,9.24,9.29,9.38,9.21,36100.00,0.39
2023-03-29,002755,奥赛康,9.28,9.09,9.29,9.06,31300.00,0.34
2023-03-30,002755,奥赛康,9.08,9.04,9.15,8.98,21900.00,0.24
2023-03-31,002755,奥赛康,9.00,9.20,9.24,9.00,23500.00,0.25
2023-04-03,002755,奥赛康,9.16,9.19,9.30,9.14,22600.00,0.24
2023-04-04,002755,奥赛康,9.19,9.11,9.20,9.04,26600.00,0.29
2023-04-06,002755,奥赛康,9.11,9.17,9.21,9.09,22200.00,0.24
2023-04-07,002755,奥赛康,9.24,10.09,10.09,9.17,187000.00,2.01
2023-04-10,002755,奥赛康,10.11,10.45,10.60,9.95,230000.00,2.48
2023-04-11,002755,奥赛康,10.45,10.72,10.74,10.30,153000.00,1.65
2023-04-12,002755,奥赛康,10.55,10.87,11.20,10.53,136000.00,1.46
2023-04-13,002755,奥赛康,10.81,11.17,11.40,10.60,129000.00,1.39
2023-04-14,002755,奥赛康,11.28,11.31,11.83,11.16,151000.00,1.62
2023-04-17,002755,奥赛康,11.27,11.63,11.97,11.17,141000.00,1.52
2023-04-18,002755,奥赛康,11.85,11.70,12.06,11.50,107000.00,1.16
2023-04-19,002755,奥赛康,11.62,11.13,11.62,11.01,156000.00,1.68
2023-04-20,002755,奥赛康,11.10,11.18,11.33,11.01,82000.00,0.88
2023-04-21,002755,奥赛康,11.10,11.00,11.20,10.75,114000.00,1.23
2023-04-24,002755,奥赛康,10.90,11.05,11.19,10.81,62600.00,0.67
2023-04-25,002755,奥赛康,11.06,10.81,11.07,10.71,54500.00,0.59
2023-04-26,002755,奥赛康,10.84,11.01,11.03,10.65,75921.62,0.82
2023-04-27,002755,奥赛康,10.99,11.24,11.44,10.85,98600.00,1.06
2023-04-28,002755,奥赛康,11.11,11.25,11.30,10.75,83500.00,0.90
2023-05-04,002755,奥赛康,10.89,11.28,11.43,10.87,54800.00,0.59
2023-05-05,002755,奥赛康,11.25,11.13,11.27,10.91,38700.00,0.42
2023-05-09,002755,奥赛康,10.97,10.82,11.00,10.71,28900.00,0.31
2023-05-10,002755,奥赛康,10.94,10.80,10.94,10.71,17900.00,0.19
2023-05-11,002755,奥赛康,10.96,11.16,11.63,10.92,53681.71,0.58
2023-05-12,002755,奥赛康,11.10,10.87,11.44,10.87,34100.00,0.37
2023-05-15,002755,奥赛康,10.80,10.92,10.97,10.60,35444.81,0.38
2023-05-16,002755,奥赛康,10.91,11.00,11.20,10.80,24300.00,0.26
2023-05-17,002755,奥赛康,11.00,10.81,11.00,10.69,24800.00,0.27
2023-05-18,002755,奥赛康,10.97,10.78,10.97,10.63,15200.00,0.16
2023-05-19,002755,奥赛康,10.86,11.10,11.19,10.61,30400.00,0.33
2023-05-22,002755,奥赛康,11.39,10.85,11.71,10.81,61300.00,0.66
2023-05-24,002755,奥赛康,10.76,10.77,10.84,10.60,22000.00,0.24
2023-05-25,002755,奥赛康,10.75,10.53,10.79,10.39,34200.00,0.37
2023-05-26,002755,奥赛康,10.53,11.03,11.07,10.40,35900.00,0.39
2023-05-29,002755,奥赛康,11.00,10.74,11.16,10.68,23000.00,0.25
2023-05-30,002755,奥赛康,10.65,10.54,10.85,10.42,22700.00,0.25
2023-05-31,002755,奥赛康,10.50,10.35,10.59,10.31,28300.00,0.30
2023-06-01,002755,奥赛康,10.36,10.60,10.69,10.27,38400.00,0.41
2023-06-02,002755,奥赛康,10.78,10.28,10.83,10.24,43600.00,0.47
2023-06-05,002755,奥赛康,10.35,10.23,10.42,10.15,29600.00,0.32
2023-06-06,002755,奥赛康,10.27,9.87,10.27,9.83,32700.00,0.35
2023-06-07,002755,奥赛康,9.87,9.81,9.98,9.78,19400.00,0.21
2023-06-08,002755,奥赛康,9.85,9.65,9.89,9.60,40500.00,0.44
2023-06-09,002755,奥赛康,9.65,9.63,9.78,9.58,27000.00,0.29
2023-06-12,002755,奥赛康,9.58,9.54,9.60,9.44,29100.00,0.31
2023-06-13,002755,奥赛康,9.54,9.37,9.54,9.33,25500.00,0.27
2023-06-14,002755,奥赛康,9.38,9.37,9.53,9.33,26100.00,0.28
2023-06-16,002755,奥赛康,9.50,9.39,9.60,9.35,32900.00,0.35
2023-06-19,002755,奥赛康,9.49,9.18,9.90,9.16,80600.00,0.87
2023-06-20,002755,奥赛康,9.23,9.06,9.29,9.00,56000.00,0.60
2023-06-21,002755,奥赛康,9.09,8.90,9.11,8.87,24000.00,0.26
2023-06-26,002755,奥赛康,8.93,8.79,8.94,8.74,17600.00,0.19
2023-06-27,002755,奥赛康,8.81,8.80,9.04,8.70,59500.00,0.64
2023-06-28,002755,奥赛康,8.81,8.72,8.81,8.49,28600.00,0.31
2023-06-29,002755,奥赛康,8.68,8.74,8.79,8.65,17700.00,0.19
2023-06-30,002755,奥赛康,8.74,8.79,8.94,8.70,35500.00,0.38
2023-07-03,002755,奥赛康,8.80,8.70,8.86,8.69,38800.00,0.42
2023-07-04,002755,奥赛康,8.75,8.58,8.88,8.56,67100.00,0.72
2023-07-05,002755,奥赛康,8.66,8.54,8.72,8.50,34800.00,0.37
2023-07-06,002755,奥赛康,8.51,8.48,8.58,8.41,26100.00,0.28
2023-07-07,002755,奥赛康,8.46,8.39,8.53,8.33,35200.00,0.38
2023-07-10,002755,奥赛康,8.39,8.33,8.45,8.26,38500.00,0.41
2023-07-11,002755,奥赛康,8.35,8.29,8.36,8.24,38600.00,0.42
2023-07-12,002755,奥赛康,8.28,8.11,8.29,8.10,32100.00,0.35
2023-07-14,002755,奥赛康,8.15,8.08,8.18,8.08,24200.00,0.26
2023-07-17,002755,奥赛康,8.00,8.07,8.10,7.94,39200.00,0.42
2023-07-20,002755,奥赛康,8.00,8.01,8.13,8.00,27500.00,0.30
2023-07-21,002755,奥赛康,8.04,8.10,8.18,8.00,39100.00,0.42
2023-07-24,002755,奥赛康,8.15,8.27,8.28,8.11,41500.00,0.45
2023-07-25,002755,奥赛康,8.28,8.29,8.31,8.18,31500.00,0.34
2023-07-26,002755,奥赛康,8.25,8.34,8.40,8.23,30400.00,0.33
2023-07-27,002755,奥赛康,8.34,8.26,8.36,8.24,19200.00,0.21
2023-07-28,002755,奥赛康,8.23,8.38,8.41,8.20,33900.00,0.37
2023-07-31,002755,奥赛康,8.42,8.26,8.43,8.21,38400.00,0.41
2023-08-01,002755,奥赛康,8.26,8.23,8.32,8.21,23100.00,0.25
2023-08-02,002755,奥赛康,8.21,8.16,8.23,8.12,23400.00,0.25
2023-08-03,002755,奥赛康,8.22,8.30,8.30,8.16,24700.00,0.27
2023-08-04,002755,奥赛康,8.30,8.25,8.39,8.23,30200.00,0.33
2023-08-07,002755,奥赛康,8.27,7.86,8.27,7.84,79300.00,0.85
2023-08-08,002755,奥赛康,7.83,7.94,7.99,7.70,47900.00,0.52
2023-08-09,002755,奥赛康,7.90,8.08,8.15,7.90,48408.34,0.52
2023-08-10,002755,奥赛康,8.19,8.08,8.19,8.04,30078.06,0.32
2023-08-11,002755,奥赛康,8.07,8.05,8.18,8.03,27096.94,0.29
2023-08-14,002755,奥赛康,8.01,8.10,8.10,7.91,20839.04,0.22
2023-08-15,002755,奥赛康,8.08,8.09,8.10,7.98,20794.00,0.22
2023-08-16,002755,奥赛康,8.08,8.03,8.15,8.01,17801.00,0.19
2023-08-17,002755,奥赛康,8.02,8.04,8.06,7.91,22411.00,0.24
2023-08-18,002755,奥赛康,8.07,7.82,8.07,7.81,28713.00,0.31
2023-08-21,002755,奥赛康,7.91,7.80,7.95,7.77,22491.00,0.24
2023-08-22,002755,奥赛康,7.79,7.68,7.81,7.55,32200.00,0.35
2023-08-23,002755,奥赛康,7.70,7.54,7.71,7.53,15700.00,0.17
2023-08-24,002755,奥赛康,7.58,7.60,7.71,7.48,26102.92,0.28
