index_code,date,open,close,low,high,volume,money,change
sz002726,2019/07/31,9.82,9.77,9.77,9.96,115995.96,None,-0.13
sz002726,2019/08/01,9.69,9.72,9.65,9.93,140609.50,None,-0.05
sz002726,2019/08/02,9.62,9.48,9.16,9.63,199057.30,None,-0.24
sz002726,2019/08/05,9.46,9.50,9.44,9.61,138413.48,None,0.02
sz002726,2019/08/06,9.42,9.81,9.22,9.88,273438.88,None,0.31
sz002726,2019/08/07,9.82,9.63,9.60,9.97,149354.41,None,-0.18
sz002726,2019/08/08,9.64,9.67,9.62,9.80,87578.60,None,0.04
sz002726,2019/08/09,9.77,9.40,9.34,9.78,110467.80,None,-0.27
sz002726,2019/08/12,9.01,9.02,8.88,9.15,193280.70,None,-0.38
sz002726,2019/08/13,9.01,8.93,8.88,9.01,91869.49,None,-0.09
sz002726,2019/08/14,9.00,8.92,8.86,9.10,104957.49,None,-0.01
sz002726,2019/08/15,8.73,8.75,8.55,8.78,122143.20,None,-0.17
sz002726,2019/08/16,8.75,8.85,8.69,8.96,119127.91,None,0.10
sz002726,2019/08/19,8.90,9.00,8.72,9.04,176626.50,None,0.15
sz002726,2019/08/20,9.05,8.96,8.92,9.05,116269.84,None,-0.04
sz002726,2019/08/21,9.00,9.05,8.95,9.05,103142.89,None,0.09
sz002726,2019/08/22,9.38,9.17,9.12,9.38,298010.38,None,0.17
sz002726,2019/08/23,9.09,8.98,8.95,9.18,146873.19,None,-0.19
sz002726,2019/08/26,8.77,8.83,8.68,8.94,102613.17,None,-0.15
sz002726,2019/08/27,8.90,9.03,8.87,9.08,155831.12,None,0.20
sz002726,2019/08/28,9.03,9.89,8.96,9.93,477223.75,None,0.86
sz002726,2019/08/29,9.69,9.49,9.48,9.77,295297.62,None,-0.40
sz002726,2019/08/30,9.52,9.42,9.38,9.64,179725.92,None,-0.07
sz002726,2019/09/02,9.43,9.55,9.43,9.68,173354.52,None,0.13
sz002726,2019/09/03,9.60,9.82,9.55,10.18,301423.66,None,0.27
sz002726,2019/09/04,9.85,9.76,9.65,9.99,199508.70,None,-0.06
sz002726,2019/09/05,9.78,9.93,9.71,9.94,260578.12,None,0.17
sz002726,2019/09/06,9.93,9.75,9.69,9.96,175226.56,None,-0.18
sz002726,2019/09/09,9.87,9.78,9.65,9.87,157071.77,None,0.03
sz002726,2019/09/10,9.77,9.90,9.72,10.07,249786.91,None,0.12
sz002726,2019/09/11,9.83,9.65,9.65,9.85,182512.52,None,-0.25
sz002726,2019/09/12,9.71,9.62,9.52,9.71,107624.86,None,-0.03
sz002726,2019/09/16,9.63,9.61,9.56,9.69,108282.12,None,-0.01
sz002726,2019/09/17,9.61,9.41,9.38,9.65,112259.28,None,-0.20
sz002726,2019/09/18,9.41,9.25,9.21,9.44,86589.18,None,-0.16
sz002726,2019/09/19,9.28,9.35,9.18,9.37,70666.01,None,0.10
sz002726,2019/09/20,9.36,9.25,9.24,9.38,57286.68,None,-0.10
sz002726,2019/09/23,9.24,9.04,8.97,9.24,84515.41,None,-0.21
sz002726,2019/09/24,9.04,9.00,8.95,9.06,54315.40,None,-0.04
sz002726,2019/09/25,9.03,8.80,8.79,9.03,72242.00,None,-0.20
sz002726,2019/09/26,8.90,8.64,8.60,9.02,99536.88,None,-0.16
sz002726,2019/09/27,8.64,8.69,8.56,8.79,57805.98,None,0.05
sz002726,2019/09/30,8.71,8.86,8.71,8.94,88140.65,None,0.17
sz002726,2019/10/08,8.93,9.21,8.93,9.23,114946.59,None,0.35
sz002726,2019/10/09,9.17,9.09,9.01,9.17,79265.44,None,-0.12
sz002726,2019/10/10,9.11,9.21,9.03,9.26,99478.93,None,0.12
sz002726,2019/10/11,7.12,6.99,6.92,7.12,98368.48,None,-0.09
sz002726,2019/10/14,6.99,7.01,6.96,7.06,88984.96,None,0.02
sz002726,2019/10/15,7.01,7.08,6.99,7.20,96235.90,None,0.07
sz002726,2019/10/16,7.10,7.00,6.97,7.10,66361.02,None,-0.08
sz002726,2019/10/17,6.98,6.90,6.87,7.00,76033.73,None,-0.10
sz002726,2019/10/18,6.90,6.88,6.81,7.00,77454.91,None,-0.02
sz002726,2019/10/21,6.88,7.23,6.85,7.30,247372.95,None,0.35
sz002726,2019/10/22,7.23,7.16,7.08,7.23,136470.30,None,-0.07
sz002726,2019/10/23,7.16,7.20,7.16,7.38,190376.36,None,0.04
sz002726,2019/10/24,7.19,7.45,7.10,7.45,289765.12,None,0.25
sz002726,2019/10/25,7.47,7.82,7.41,8.18,559365.06,None,0.37
sz002726,2019/10/28,7.57,7.81,7.35,7.90,361009.59,None,-0.01
sz002726,2019/10/29,7.71,8.20,7.71,8.33,481301.19,None,0.39
sz002726,2019/10/30,8.33,8.24,7.96,8.44,435640.88,None,0.04
sz002726,2019/10/31,8.54,7.87,7.87,8.55,442446.88,None,-0.37
sz002726,2019/11/01,7.70,8.01,7.52,8.16,362621.16,None,0.14
sz002726,2019/11/04,7.97,7.82,7.79,8.01,264599.41,None,-0.19
sz002726,2019/11/05,7.85,8.39,7.80,8.50,593521.25,None,0.57
sz002726,2019/11/06,8.29,8.13,8.03,8.44,397423.91,None,-0.26
sz002726,2019/11/07,8.20,8.22,8.13,8.45,318784.09,None,0.09
sz002726,2019/11/08,8.14,8.21,7.88,8.40,420653.44,None,-0.01
sz002726,2019/11/11,8.12,8.18,8.03,8.39,320751.75,None,-0.03
sz002726,2019/11/12,8.21,8.46,8.13,8.46,387553.84,None,0.28
sz002726,2019/11/13,8.39,8.37,8.20,8.52,291424.59,None,-0.09
sz002726,2019/11/14,8.29,8.14,8.12,8.35,227766.20,None,-0.23
sz002726,2019/11/15,8.06,7.59,7.58,8.07,283524.59,None,-0.55
sz002726,2019/11/18,7.39,7.36,7.19,7.53,186756.52,None,-0.23
sz002726,2019/11/19,7.42,7.37,7.29,7.53,174219.73,None,0.01
sz002726,2019/11/20,7.37,7.12,7.09,7.38,222943.44,None,-0.25
sz002726,2019/11/21,7.13,7.01,6.98,7.18,148744.67,None,-0.11
sz002726,2019/11/22,7.06,6.91,6.84,7.07,129835.94,None,-0.10
sz002726,2019/11/25,6.92,6.89,6.77,6.92,98189.55,None,-0.02
sz002726,2019/11/26,6.89,7.06,6.84,7.07,123871.11,None,0.17
sz002726,2019/11/27,7.03,7.10,7.01,7.17,118664.85,None,0.04
sz002726,2019/11/28,7.04,7.07,7.04,7.23,83050.48,None,-0.03
sz002726,2019/11/29,7.08,6.94,6.81,7.08,101380.64,None,-0.13
sz002726,2019/12/02,6.95,6.93,6.91,7.04,68068.29,None,-0.01
sz002726,2019/12/03,6.90,6.91,6.86,6.96,62222.40,None,-0.02
sz002726,2019/12/04,6.88,6.82,6.77,6.88,91070.58,None,-0.09
sz002726,2019/12/05,6.84,6.87,6.80,6.87,88773.46,None,0.05
sz002726,2019/12/06,6.87,6.91,6.86,6.93,84017.78,None,0.04
sz002726,2019/12/09,6.95,6.87,6.83,6.95,83156.93,None,-0.04
sz002726,2019/12/10,6.89,6.82,6.78,6.89,91131.10,None,-0.05
sz002726,2019/12/11,6.81,6.75,6.63,6.81,127318.35,None,-0.07
sz002726,2019/12/12,6.74,6.67,6.67,6.78,78661.17,None,-0.08
sz002726,2019/12/13,6.70,6.72,6.66,6.74,83655.06,None,0.05
sz002726,2019/12/16,6.73,6.82,6.69,6.87,127917.95,None,0.10
sz002726,2019/12/17,6.84,7.01,6.81,7.05,167562.70,None,0.19
sz002726,2019/12/18,7.02,7.11,6.98,7.18,181905.80,None,0.10
sz002726,2019/12/19,7.15,7.12,7.07,7.15,112729.16,None,0.01
sz002726,2019/12/20,7.12,7.08,7.03,7.15,102018.17,None,-0.04
sz002726,2019/12/23,7.07,6.87,6.84,7.07,108732.46,None,-0.21
sz002726,2019/12/24,6.90,6.87,6.79,6.92,79064.38,None,0.00
sz002726,2019/12/25,6.87,6.84,6.81,6.92,65191.77,None,-0.03
sz002726,2019/12/26,6.87,6.84,6.81,6.87,56156.66,None,0.00
sz002726,2019/12/27,6.84,6.89,6.84,6.96,90445.39,None,0.05
sz002726,2019/12/30,6.85,6.93,6.77,6.93,75097.68,None,0.04
sz002726,2019/12/31,6.92,7.00,6.87,7.04,110117.10,None,0.07
sz002726,2020/01/02,7.04,7.08,7.02,7.13,131056.19,None,0.08
sz002726,2020/01/03,7.09,7.08,7.05,7.19,127553.62,None,0.00
sz002726,2020/01/06,7.00,7.10,6.99,7.15,125868.98,None,0.02
sz002726,2020/01/07,7.10,7.44,7.10,7.45,272369.59,None,0.34
sz002726,2020/01/08,7.37,7.21,7.18,7.43,200528.16,None,-0.23
sz002726,2020/01/09,7.26,7.28,7.24,7.33,92770.38,None,0.07
sz002726,2020/01/10,7.33,7.16,7.12,7.33,102396.51,None,-0.12
sz002726,2020/01/13,7.16,7.16,7.13,7.23,79044.31,None,0.00
sz002726,2020/01/14,7.11,7.09,7.07,7.16,108267.71,None,-0.07
sz002726,2020/01/15,7.13,7.13,7.05,7.17,82043.89,None,0.04
sz002726,2020/01/16,7.09,7.08,7.04,7.12,70496.85,None,-0.05
sz002726,2020/01/17,7.03,6.97,6.93,7.08,91457.68,None,-0.11
sz002726,2020/01/20,6.95,7.08,6.83,7.09,81845.24,None,0.11
sz002726,2020/01/21,7.08,6.93,6.93,7.08,68356.62,None,-0.15
sz002726,2020/01/22,6.92,6.84,6.77,6.92,68171.66,None,-0.09
sz002726,2020/01/23,6.80,6.51,6.48,6.84,114235.68,None,-0.33
sz002726,2020/02/03,5.86,5.86,5.86,5.86,26352.00,None,-0.65
sz002726,2020/02/04,5.27,5.70,5.27,5.80,157693.34,None,-0.16
sz002726,2020/02/05,5.79,6.00,5.64,6.06,147583.55,None,0.30
sz002726,2020/02/06,6.10,6.37,6.03,6.48,198334.34,None,0.37
sz002726,2020/02/07,6.31,6.50,6.17,6.52,160199.69,None,0.13
sz002726,2020/02/10,6.52,6.79,6.45,6.89,160333.80,None,0.29
sz002726,2020/02/11,6.78,6.70,6.62,6.87,129441.73,None,-0.09
sz002726,2020/02/12,6.69,6.70,6.62,6.75,73129.02,None,0.00
sz002726,2020/02/13,6.75,6.58,6.56,6.76,116244.24,None,-0.12
sz002726,2020/02/14,6.62,6.61,6.58,6.71,87646.65,None,0.03
sz002726,2020/02/17,6.60,6.69,6.56,6.75,115081.50,None,0.08
sz002726,2020/02/18,6.71,6.70,6.62,6.73,87771.02,None,0.01
sz002726,2020/02/19,6.73,6.95,6.71,6.97,216715.36,None,0.25
sz002726,2020/02/20,7.00,6.87,6.76,7.07,221714.72,None,-0.08
sz002726,2020/02/21,6.79,6.74,6.70,6.79,156826.33,None,-0.13
sz002726,2020/02/24,6.75,6.71,6.58,6.79,148266.39,None,-0.03
sz002726,2020/02/25,6.60,6.63,6.46,6.69,123508.97,None,-0.08
sz002726,2020/02/26,6.58,6.67,6.56,6.78,144821.98,None,0.04
sz002726,2020/02/27,6.68,6.70,6.59,6.79,130918.10,None,0.03
sz002726,2020/02/28,6.55,6.26,6.25,6.65,154636.66,None,-0.44
sz002726,2020/03/02,6.26,6.43,6.26,6.45,105629.69,None,0.17
sz002726,2020/03/03,6.57,6.44,6.40,6.59,118596.40,None,0.01
sz002726,2020/03/04,6.40,6.53,6.37,6.55,95675.10,None,0.09
sz002726,2020/03/05,6.57,7.18,6.54,7.18,679067.06,None,0.65
sz002726,2020/03/06,7.18,6.96,6.90,7.18,485357.47,None,-0.22
sz002726,2020/03/09,6.84,6.90,6.82,7.16,408358.59,None,-0.06
sz002726,2020/03/10,6.75,6.73,6.43,6.90,344304.72,None,-0.17
sz002726,2020/03/11,6.73,6.77,6.65,7.00,304650.75,None,0.04
sz002726,2020/03/12,6.80,6.58,6.51,6.80,235049.80,None,-0.19
sz002726,2020/03/13,6.18,6.36,6.16,6.49,221687.20,None,-0.22
sz002726,2020/03/16,6.46,6.11,6.01,6.51,146541.19,None,-0.25
sz002726,2020/03/17,6.16,6.04,5.90,6.25,112754.35,None,-0.07
sz002726,2020/03/18,6.11,6.11,6.08,6.37,157492.59,None,0.07
sz002726,2020/03/19,6.08,6.13,6.03,6.20,111822.10,None,0.02
sz002726,2020/03/20,6.18,6.15,6.00,6.21,95976.48,None,0.02
sz002726,2020/03/23,6.02,5.91,5.86,6.04,88316.28,None,-0.24
sz002726,2020/03/24,6.01,6.10,5.91,6.10,82140.84,None,0.19
sz002726,2020/03/25,6.21,6.25,6.11,6.34,134453.16,None,0.15
sz002726,2020/03/26,6.18,6.30,6.15,6.41,146624.80,None,0.05
sz002726,2020/03/27,6.34,6.22,6.22,6.40,102349.67,None,-0.08
sz002726,2020/03/30,6.15,6.32,6.13,6.39,149841.17,None,0.10
sz002726,2020/03/31,6.32,6.74,6.27,6.77,465185.84,None,0.42
sz002726,2020/04/01,6.68,6.48,6.47,6.81,301803.12,None,-0.26
sz002726,2020/04/02,6.38,6.39,6.28,6.48,172100.52,None,-0.09
sz002726,2020/04/03,6.39,6.64,6.37,6.75,329828.44,None,0.25
sz002726,2020/04/07,6.76,7.01,6.64,7.16,479041.28,None,0.37
sz002726,2020/04/08,6.97,7.04,6.85,7.15,331417.12,None,0.03
sz002726,2020/04/09,7.13,7.24,6.94,7.50,492665.44,None,0.20
sz002726,2020/04/10,7.24,7.23,7.09,7.44,376658.41,None,-0.01
sz002726,2020/04/13,7.35,7.11,6.96,7.36,337094.16,None,-0.12
sz002726,2020/04/14,7.09,7.17,7.02,7.29,239719.23,None,0.06
sz002726,2020/04/15,7.14,7.16,7.02,7.34,247042.20,None,-0.01
sz002726,2020/04/16,7.19,7.07,7.04,7.23,215574.48,None,-0.09
sz002726,2020/04/17,7.08,6.86,6.86,7.10,353629.88,None,-0.21
sz002726,2020/04/20,6.83,6.92,6.80,6.93,210185.78,None,0.06
sz002726,2020/04/21,6.85,6.99,6.76,7.09,340183.59,None,0.07
sz002726,2020/04/22,6.92,7.52,6.85,7.65,695843.25,None,0.53
sz002726,2020/04/23,7.51,7.91,7.42,8.10,691213.38,None,0.39
sz002726,2020/04/24,7.84,8.04,7.76,8.27,514657.91,None,0.13
sz002726,2020/04/27,8.04,8.01,7.90,8.19,308986.16,None,-0.03
sz002726,2020/04/28,7.95,7.92,7.50,8.10,371123.97,None,-0.09
sz002726,2020/04/29,7.97,7.84,7.74,8.05,218566.64,None,-0.08
sz002726,2020/04/30,7.82,7.70,7.68,7.91,222947.08,None,-0.14
sz002726,2020/05/06,7.68,8.47,7.65,8.47,523161.91,None,0.77
sz002726,2020/05/07,8.50,8.56,8.40,8.79,503585.53,None,0.09
sz002726,2020/05/08,8.72,8.51,8.39,8.75,269562.38,None,-0.05
sz002726,2020/05/11,8.51,8.30,8.22,8.63,283155.97,None,-0.21
sz002726,2020/05/12,8.21,8.28,8.13,8.34,253806.12,None,-0.02
sz002726,2020/05/13,8.25,8.32,8.03,8.38,381338.47,None,0.04
sz002726,2020/05/14,8.20,7.74,7.72,8.21,494136.75,None,-0.58
sz002726,2020/05/15,7.76,7.82,7.57,7.84,339562.09,None,0.08
sz002726,2020/05/18,7.76,7.88,7.67,7.95,341930.88,None,0.06
sz002726,2020/05/19,7.89,7.75,7.67,7.90,279543.69,None,-0.13
sz002726,2020/05/20,7.77,7.61,7.57,7.83,254558.48,None,-0.14
sz002726,2020/05/21,7.63,7.44,7.41,7.66,226752.95,None,-0.17
sz002726,2020/05/22,7.44,7.28,7.22,7.54,191739.23,None,-0.16
sz002726,2020/05/25,7.23,7.48,7.20,7.52,220256.92,None,0.20
sz002726,2020/05/26,7.43,7.56,7.35,7.61,177088.05,None,0.08
sz002726,2020/05/27,7.53,7.54,7.42,7.63,147933.39,None,-0.02
sz002726,2020/05/28,7.46,7.36,7.26,7.52,149992.05,None,-0.18
sz002726,2020/05/29,7.31,7.49,7.31,7.56,144502.80,None,0.13
sz002726,2020/06/01,7.56,7.71,7.50,7.77,258842.80,None,0.22
sz002726,2020/06/02,7.70,7.93,7.68,7.95,302167.81,None,0.22
sz002726,2020/06/03,7.92,8.15,7.82,8.28,360208.56,None,0.22
sz002726,2020/06/04,8.13,8.51,8.11,8.56,392855.00,None,0.36
sz002726,2020/06/05,8.53,8.45,8.26,8.59,292495.03,None,-0.06
sz002726,2020/06/08,8.45,8.45,8.33,8.55,211328.84,None,0.00
sz002726,2020/06/09,8.44,8.45,8.32,8.62,148797.52,None,0.00
sz002726,2020/06/10,8.42,8.39,8.23,8.48,176403.14,None,-0.01
sz002726,2020/06/11,8.50,8.04,8.04,8.54,272933.00,None,-0.35
sz002726,2020/06/12,7.97,8.03,7.91,8.80,385401.53,None,-0.01
sz002726,2020/06/15,8.12,8.83,8.08,8.83,438913.72,None,0.80
sz002726,2020/06/16,8.80,8.70,8.51,8.90,537155.50,None,-0.13
sz002726,2020/06/17,8.70,8.45,8.16,8.74,393192.31,None,-0.25
sz002726,2020/06/18,8.46,8.35,8.29,8.72,283140.16,None,-0.10
sz002726,2020/06/19,8.38,8.31,8.27,8.52,259949.41,None,-0.04
sz002726,2020/06/22,8.40,8.40,8.16,8.42,334314.97,None,0.09
sz002726,2020/06/23,8.35,8.20,8.17,8.36,199417.00,None,-0.20
sz002726,2020/06/24,8.21,8.20,8.06,8.30,208517.64,None,0.00
sz002726,2020/06/29,8.18,8.16,8.10,8.30,184697.64,None,-0.04
sz002726,2020/06/30,8.22,8.44,8.17,8.45,261668.42,None,0.28
sz002726,2020/07/01,8.41,8.50,8.36,8.64,322143.81,None,0.06
sz002726,2020/07/02,8.48,8.47,8.36,8.62,246173.14,None,-0.03
sz002726,2020/07/03,8.45,8.32,8.21,8.46,270022.16,None,-0.15
sz002726,2020/07/06,8.39,9.06,8.36,9.06,542524.69,None,0.74
sz002726,2020/07/07,9.16,9.30,8.98,9.61,443070.03,None,0.24
sz002726,2020/07/08,9.29,9.74,9.20,9.75,316500.75,None,0.44
sz002726,2020/07/09,9.86,10.06,9.74,10.13,409978.09,None,0.32
sz002726,2020/07/10,10.02,10.13,9.93,10.35,405235.25,None,0.07
sz002726,2020/07/13,9.98,11.14,9.93,11.14,465040.25,None,1.01
sz002726,2020/07/14,11.16,11.05,10.72,11.50,441411.69,None,-0.09
sz002726,2020/07/15,11.36,10.88,10.88,11.44,446584.31,None,-0.17
sz002726,2020/07/16,10.85,10.44,10.17,11.23,521517.62,None,-0.44
sz002726,2020/07/17,10.78,10.72,10.41,11.05,362243.69,None,0.28
sz002726,2020/07/20,10.91,10.98,10.40,11.02,332287.88,None,0.26
sz002726,2020/07/21,11.05,10.72,10.59,11.05,231723.50,None,-0.26
sz002726,2020/07/22,10.50,10.71,10.47,10.90,242829.48,None,-0.01
sz002726,2020/07/23,10.53,10.75,10.37,10.90,217882.95,None,0.04
sz002726,2020/07/24,10.65,10.38,10.25,11.45,511587.41,None,-0.37
sz002726,2020/07/27,10.55,10.40,10.17,10.92,301306.97,None,0.02
sz002726,2020/07/28,10.37,10.97,10.26,11.30,529314.56,None,0.57
sz002726,2020/07/29,10.90,11.16,10.59,11.20,373218.19,None,0.19
sz002726,2020/07/30,11.16,11.34,11.02,11.74,408529.62,None,0.18
sz002726,2020/07/31,11.40,11.33,11.02,11.50,287143.03,None,-0.01
sz002726,2020/08/03,11.21,11.53,11.20,11.53,309499.84,None,0.20
sz002726,2020/08/04,11.52,11.69,11.36,11.93,343312.09,None,0.16
sz002726,2020/08/05,11.59,11.84,11.21,12.07,303998.31,None,0.15
sz002726,2020/08/06,11.71,11.44,11.38,12.09,297640.34,None,-0.40
sz002726,2020/08/07,11.50,11.79,11.47,12.16,398559.59,None,0.35
sz002726,2020/08/10,11.68,11.33,11.00,11.74,342356.44,None,-0.46
sz002726,2020/08/11,11.12,12.18,11.10,12.46,842540.31,None,0.85
sz002726,2020/08/12,12.17,11.78,11.13,12.17,663307.75,None,-0.40
sz002726,2020/08/13,11.67,12.16,11.64,12.57,597316.06,None,0.38
sz002726,2020/08/14,12.16,12.11,11.67,12.26,307792.03,None,-0.05
sz002726,2020/08/17,11.99,12.18,11.99,12.39,310891.78,None,0.07
sz002726,2020/08/18,12.10,12.10,11.90,12.40,336349.47,None,-0.08
sz002726,2020/08/19,12.08,12.08,11.80,12.30,316635.69,None,-0.02
sz002726,2020/08/20,11.94,11.70,11.63,11.98,211359.05,None,-0.38
sz002726,2020/08/21,11.58,11.60,11.56,11.77,157469.45,None,-0.10
sz002726,2020/08/24,11.70,11.98,11.57,11.98,223592.48,None,0.38
sz002726,2020/08/25,12.00,12.25,11.84,12.25,267453.09,None,0.27
sz002726,2020/08/26,12.49,13.10,12.30,13.47,603487.88,None,0.85
sz002726,2020/08/27,13.12,14.41,13.12,14.41,507629.12,None,1.31
sz002726,2020/08/28,14.50,14.93,14.21,15.19,589230.62,None,0.52
sz002726,2020/08/31,14.95,14.69,14.43,15.22,498332.03,None,-0.24
sz002726,2020/09/01,14.70,14.75,14.50,14.80,256242.16,None,0.06
sz002726,2020/09/02,14.73,14.53,14.40,15.40,318941.41,None,-0.22
sz002726,2020/09/03,14.70,13.91,13.81,14.70,309241.03,None,-0.62
sz002726,2020/09/04,13.74,13.65,13.36,13.84,219149.28,None,-0.26
sz002726,2020/09/07,13.76,12.90,12.72,13.81,308637.19,None,-0.75
sz002726,2020/09/08,12.88,12.49,12.13,12.97,324787.16,None,-0.41
sz002726,2020/09/09,12.34,11.30,11.26,12.34,333896.25,None,-1.19
sz002726,2020/09/10,11.37,10.95,10.81,11.66,368832.53,None,-0.35
sz002726,2020/09/11,10.82,11.03,10.75,11.34,273679.75,None,0.08
sz002726,2020/09/14,11.04,10.82,10.60,11.13,260512.59,None,-0.21
sz002726,2020/09/15,10.88,10.97,10.74,11.15,266647.28,None,0.15
sz002726,2020/09/16,10.98,10.78,10.45,11.04,266947.69,None,-0.19
sz002726,2020/09/17,10.68,10.40,10.14,10.71,271771.16,None,-0.38
sz002726,2020/09/18,10.39,10.43,10.20,10.49,225537.28,None,0.03
sz002726,2020/09/21,10.44,10.35,10.18,10.48,181705.36,None,-0.08
sz002726,2020/09/22,10.24,10.13,10.10,10.35,134479.59,None,-0.22
sz002726,2020/09/23,10.17,10.20,10.07,10.36,138367.11,None,0.07
sz002726,2020/09/24,10.11,10.03,9.92,10.22,183821.20,None,-0.17
sz002726,2020/09/25,10.05,10.20,9.74,10.24,220408.36,None,0.17
sz002726,2020/09/28,10.27,9.98,9.93,10.47,234574.64,None,-0.22
sz002726,2020/09/29,9.98,10.13,9.88,10.20,137727.05,None,0.15
sz002726,2020/09/30,10.21,10.44,10.11,10.52,202113.88,None,0.31
sz002726,2020/10/09,10.48,10.64,10.40,10.73,199059.20,None,0.20
sz002726,2020/10/12,10.64,10.78,10.50,10.93,183640.36,None,0.14
sz002726,2020/10/13,10.78,11.02,10.64,11.04,194453.59,None,0.24
sz002726,2020/10/14,10.96,10.79,10.74,10.99,131448.94,None,-0.23
sz002726,2020/10/15,11.03,10.86,10.85,11.34,191113.77,None,0.07
sz002726,2020/10/16,10.85,10.92,10.85,11.14,117978.40,None,0.06
sz002726,2020/10/19,10.97,11.09,10.95,11.40,196423.31,None,0.17
sz002726,2020/10/20,11.00,11.11,10.72,11.16,115305.20,None,0.02
sz002726,2020/10/21,11.07,11.18,11.03,11.28,110870.00,None,0.07
sz002726,2020/10/22,11.15,10.99,10.66,11.17,145145.00,None,-0.19
sz002726,2020/10/23,11.03,11.00,10.87,11.29,138168.06,None,0.01
sz002726,2020/10/26,10.92,11.10,10.66,11.15,127096.30,None,0.10
sz002726,2020/10/27,11.20,11.16,11.07,11.30,111222.59,None,0.06
sz002726,2020/10/28,11.16,10.87,10.74,11.22,164902.31,None,-0.29
sz002726,2020/10/29,10.72,10.51,10.20,10.82,258941.95,None,-0.36
sz002726,2020/10/30,10.40,10.43,10.11,10.54,178799.52,None,-0.08
sz002726,2020/11/02,10.40,10.55,10.40,10.75,193267.44,None,0.12
sz002726,2020/11/03,10.57,11.04,10.47,11.09,171783.28,None,0.49
sz002726,2020/11/04,11.23,11.95,11.12,12.06,493851.12,None,0.91
sz002726,2020/11/05,12.07,11.96,11.78,12.15,303125.81,None,0.01
sz002726,2020/11/06,11.99,11.55,11.44,11.99,175219.80,None,-0.41
sz002726,2020/11/09,11.59,11.56,11.40,11.72,202663.41,None,0.01
sz002726,2020/11/10,11.54,11.49,11.32,11.54,105532.62,None,-0.07
sz002726,2020/11/11,11.52,11.55,11.40,11.76,136026.25,None,0.06
sz002726,2020/11/12,11.56,11.41,11.30,11.60,95800.08,None,-0.14
sz002726,2020/11/13,11.46,11.75,11.09,11.86,169116.91,None,0.34
sz002726,2020/11/16,11.84,12.60,11.63,12.60,437357.12,None,0.85
sz002726,2020/11/17,12.43,12.52,12.33,12.78,251545.52,None,-0.08
sz002726,2020/11/18,12.43,12.49,12.23,12.55,178599.59,None,-0.03
sz002726,2020/11/19,12.49,13.16,12.49,13.30,333442.47,None,0.67
sz002726,2020/11/20,13.02,13.10,12.87,13.26,216019.00,None,-0.06
sz002726,2020/11/23,13.15,12.85,12.41,13.25,255621.08,None,-0.25
sz002726,2020/11/24,12.81,12.70,12.57,12.89,141184.22,None,-0.15
sz002726,2020/11/25,12.74,12.55,12.51,12.87,112328.74,None,-0.15
sz002726,2020/11/26,12.59,12.80,12.11,13.04,240908.70,None,0.25
sz002726,2020/11/27,12.75,13.05,12.62,13.36,259711.77,None,0.25
sz002726,2020/11/30,13.00,12.74,12.68,13.23,176433.44,None,-0.31
sz002726,2020/12/01,12.70,12.74,12.50,12.84,134100.55,None,0.00
sz002726,2020/12/02,12.74,13.19,12.50,13.20,186636.64,None,0.45
sz002726,2020/12/03,13.21,13.18,12.83,13.28,189114.58,None,-0.01
sz002726,2020/12/04,13.17,13.49,13.08,13.74,217587.00,None,0.31
sz002726,2020/12/07,13.67,13.88,13.65,14.22,252147.28,None,0.39
sz002726,2020/12/08,13.88,14.01,13.60,14.16,193269.92,None,0.13
sz002726,2020/12/09,13.99,13.72,13.70,14.04,139126.59,None,-0.29
sz002726,2020/12/10,13.71,13.67,13.41,13.86,145850.00,None,-0.05
sz002726,2020/12/11,13.67,13.88,13.61,13.88,135961.11,None,0.21
sz002726,2020/12/14,13.70,13.72,13.70,14.14,158786.80,None,-0.16
sz002726,2020/12/15,13.72,13.70,13.52,13.94,152745.28,None,-0.02
sz002726,2020/12/16,13.68,13.64,13.58,13.91,114597.00,None,-0.06
sz002726,2020/12/17,13.63,13.57,13.31,13.85,149760.42,None,-0.07
sz002726,2020/12/18,13.65,13.25,13.00,13.74,222228.56,None,-0.32
sz002726,2020/12/21,13.16,13.27,12.00,13.47,227718.00,None,0.02
sz002726,2020/12/22,13.20,13.29,13.09,13.50,152478.59,None,0.02
sz002726,2020/12/23,13.25,12.58,12.29,13.25,287559.41,None,-0.71
sz002726,2020/12/24,12.59,12.31,12.30,12.70,134682.70,None,-0.27
sz002726,2020/12/25,12.31,12.01,12.01,12.33,145984.31,None,-0.30
sz002726,2020/12/28,12.05,12.50,12.04,12.59,187424.20,None,0.49
sz002726,2020/12/29,12.61,12.53,12.43,12.76,165153.55,None,0.03
sz002726,2020/12/30,12.46,12.58,12.43,12.72,138451.58,None,0.05
sz002726,2020/12/31,12.52,12.80,12.52,12.85,175548.36,None,0.22
sz002726,2021/01/04,12.97,13.65,12.91,13.75,322409.44,None,0.85
sz002726,2021/01/05,13.68,13.87,13.49,14.16,344242.62,None,0.22
sz002726,2021/01/06,14.02,13.56,13.44,14.02,213095.73,None,-0.31
sz002726,2021/01/07,13.56,13.41,13.18,13.59,193981.80,None,-0.15
sz002726,2021/01/08,13.42,13.15,12.82,13.43,201612.77,None,-0.26
sz002726,2021/01/11,13.11,13.00,12.52,13.20,202416.56,None,-0.15
sz002726,2021/01/12,12.98,13.16,12.74,13.30,210366.62,None,0.16
sz002726,2021/01/13,13.15,13.17,12.66,13.22,231055.12,None,0.01
sz002726,2021/01/14,13.17,12.92,12.87,13.47,219469.64,None,-0.25
sz002726,2021/01/15,12.85,12.49,12.43,12.85,162409.81,None,-0.43
sz002726,2021/01/18,12.39,12.79,12.37,12.85,111676.52,None,0.30
sz002726,2021/01/19,12.78,12.50,12.38,12.84,132071.88,None,-0.29
sz002726,2021/01/20,12.50,12.54,12.33,12.64,98325.92,None,0.04
sz002726,2021/01/21,12.50,12.55,12.43,12.70,154919.38,None,0.01
sz002726,2021/01/22,13.17,13.23,12.89,13.78,517909.69,None,0.68
sz002726,2021/01/25,13.24,13.40,13.06,13.55,351005.81,None,0.17
sz002726,2021/01/26,13.33,13.55,13.00,13.75,443172.19,None,0.15
sz002726,2021/01/27,13.51,12.67,12.46,13.51,308311.12,None,-0.88
sz002726,2021/01/28,12.34,12.32,12.11,12.57,164752.06,None,-0.35
sz002726,2021/01/29,12.32,12.40,12.11,12.58,145856.56,None,0.08
sz002726,2021/02/01,12.33,12.45,11.80,12.49,202204.64,None,0.05
sz002726,2021/02/02,12.30,12.37,12.15,12.49,148836.98,None,-0.08
sz002726,2021/02/03,12.31,12.45,12.17,12.68,173607.88,None,0.08
sz002726,2021/02/04,12.38,12.01,11.76,12.43,192481.84,None,-0.44
sz002726,2021/02/05,12.09,12.00,11.53,12.27,124774.15,None,-0.01
sz002726,2021/02/08,11.97,11.59,11.39,11.98,133679.67,None,-0.41
sz002726,2021/02/09,11.60,11.37,11.09,11.60,137798.81,None,-0.22
sz002726,2021/02/10,11.50,11.64,11.37,11.85,111227.11,None,0.27
sz002726,2021/02/18,11.67,11.64,11.58,11.97,116898.50,None,0.00
sz002726,2021/02/19,11.56,11.96,11.53,12.10,179855.69,None,0.32
sz002726,2021/02/22,12.01,12.01,11.98,12.26,179932.64,None,0.05
sz002726,2021/02/23,11.80,11.73,11.59,11.97,120509.81,None,-0.28
sz002726,2021/02/24,11.70,11.49,11.30,11.80,113809.63,None,-0.24
sz002726,2021/02/25,11.50,11.17,11.15,11.68,96018.07,None,-0.32
sz002726,2021/02/26,11.08,10.78,10.78,11.08,116732.05,None,-0.39
sz002726,2021/03/01,10.92,10.87,10.66,11.01,124901.89,None,0.09
sz002726,2021/03/02,10.66,10.63,10.61,10.86,109991.40,None,-0.24
sz002726,2021/03/03,10.66,10.89,10.64,10.91,98505.51,None,0.26
sz002726,2021/03/04,10.94,10.80,10.72,10.94,75667.17,None,-0.09
sz002726,2021/03/05,10.68,10.87,10.64,10.95,76104.07,None,0.07
sz002726,2021/03/08,10.90,10.80,10.80,11.07,80067.92,None,-0.07
sz002726,2021/03/09,10.80,10.57,10.30,10.89,77024.90,None,-0.23
sz002726,2021/03/10,10.57,10.34,10.30,10.65,65668.53,None,-0.23
sz002726,2021/03/11,10.34,10.55,10.28,10.63,58971.64,None,0.21
sz002726,2021/03/12,10.57,10.43,10.30,10.60,56879.74,None,-0.12
sz002726,2021/03/15,10.43,10.85,10.40,10.95,125173.00,None,0.42
sz002726,2021/03/16,10.79,10.76,10.57,10.89,80579.78,None,-0.09
sz002726,2021/03/17,10.68,10.74,10.60,10.90,81593.23,None,-0.02
sz002726,2021/03/18,10.76,10.81,10.61,10.86,65973.80,None,0.07
sz002726,2021/03/19,10.68,10.67,10.45,10.80,94929.90,None,-0.14
sz002726,2021/03/22,10.67,10.49,10.36,10.67,74622.82,None,-0.18
sz002726,2021/03/23,10.59,10.64,10.51,10.70,72151.80,None,0.15
sz002726,2021/03/24,10.56,10.81,10.50,10.85,78136.65,None,0.17
sz002726,2021/03/25,10.70,10.76,10.67,10.98,58665.42,None,-0.05
sz002726,2021/03/26,10.83,10.88,10.72,10.96,73857.94,None,0.12
sz002726,2021/03/29,10.89,11.14,10.80,11.15,104831.50,None,0.26
sz002726,2021/03/30,11.08,10.58,10.50,11.09,163007.70,None,-0.56
sz002726,2021/03/31,10.50,9.97,9.91,10.50,197952.36,None,-0.61
sz002726,2021/04/01,9.98,10.05,9.89,10.09,93678.39,None,0.08
sz002726,2021/04/02,10.00,9.83,9.77,10.08,117277.09,None,-0.22
sz002726,2021/04/06,9.83,9.95,9.83,10.00,77384.31,None,0.12
sz002726,2021/04/07,10.04,9.98,9.89,10.08,92450.53,None,0.03
sz002726,2021/04/08,9.99,9.98,9.88,10.02,63764.97,None,0.00
sz002726,2021/04/09,9.98,10.02,9.92,10.05,73062.26,None,0.04
sz002726,2021/04/12,10.05,10.59,10.00,10.71,216189.56,None,0.57
sz002726,2021/04/13,10.58,10.71,10.39,10.85,156502.94,None,0.12
sz002726,2021/04/14,10.60,10.75,10.60,10.79,105646.17,None,0.04
sz002726,2021/04/15,10.68,10.91,10.68,10.99,118783.71,None,0.16
sz002726,2021/04/16,10.90,10.80,10.61,10.93,120065.54,None,-0.11
sz002726,2021/04/19,10.77,10.83,10.61,10.86,99096.08,None,0.03
sz002726,2021/04/20,10.81,11.36,10.81,11.60,228908.19,None,0.53
sz002726,2021/04/21,11.25,11.30,11.17,11.48,118377.10,None,-0.06
sz002726,2021/04/22,11.36,11.57,11.18,11.65,131344.75,None,0.27
sz002726,2021/04/23,11.59,11.90,11.46,11.99,191993.66,None,0.33
sz002726,2021/04/26,11.80,11.61,11.56,12.06,150446.77,None,-0.29
sz002726,2021/04/27,11.63,11.88,11.41,11.94,122417.41,None,0.27
sz002726,2021/04/28,11.75,11.79,11.61,11.92,127913.14,None,-0.09
sz002726,2021/04/29,11.72,12.05,11.71,12.15,177891.92,None,0.26
sz002726,2021/04/30,11.90,11.79,11.55,11.98,181030.30,None,-0.08
sz002726,2021/05/06,11.71,11.70,11.60,11.89,123197.89,None,-0.09
sz002726,2021/05/07,11.71,11.64,11.52,11.77,127051.41,None,-0.06
sz002726,2021/05/10,11.63,11.73,11.35,11.77,140672.56,None,0.09
sz002726,2021/05/11,11.80,12.05,11.80,12.24,189066.20,None,0.32
sz002726,2021/05/12,11.94,11.96,11.85,12.03,91467.12,None,-0.09
sz002726,2021/05/13,11.84,11.97,11.80,12.10,107064.73,None,0.01
sz002726,2021/05/14,11.99,12.20,11.99,12.34,132864.55,None,0.23
sz002726,2021/05/17,12.02,11.14,11.12,12.17,330246.34,None,-1.06
sz002726,2021/05/18,11.30,11.37,11.17,12.19,197409.56,None,0.23
sz002726,2021/05/19,11.24,11.40,11.13,11.45,91274.93,None,0.03
sz002726,2021/05/20,11.38,11.55,11.14,11.62,109272.12,None,0.15
sz002726,2021/05/21,11.51,11.38,11.23,11.58,116045.06,None,-0.17
sz002726,2021/05/24,11.28,11.01,10.94,11.38,117407.08,None,-0.37
sz002726,2021/05/25,11.00,11.52,10.90,11.69,169480.28,None,0.51
sz002726,2021/05/26,11.60,12.10,11.47,12.20,378515.47,None,0.58
sz002726,2021/05/27,12.04,11.94,11.91,12.19,129084.75,None,-0.16
sz002726,2021/05/28,11.90,11.88,11.70,11.98,109026.26,None,-0.06
sz002726,2021/05/31,11.92,11.71,11.53,11.95,133152.48,None,-0.17
sz002726,2021/06/01,11.70,11.72,11.55,11.79,63357.49,None,0.01
sz002726,2021/06/02,12.23,11.88,11.74,12.29,215298.73,None,0.16
sz002726,2021/06/03,11.65,11.70,11.63,11.87,99001.00,None,-0.18
sz002726,2021/06/04,11.70,11.80,11.68,12.01,132950.16,None,0.10
sz002726,2021/06/07,11.74,11.65,11.32,11.74,89049.12,None,-0.15
sz002726,2021/06/08,11.64,11.64,11.50,11.71,62780.03,None,-0.01
sz002726,2021/06/09,11.60,11.73,11.45,11.93,95752.45,None,0.09
sz002726,2021/06/10,11.69,11.77,11.55,11.78,85450.72,None,0.04
sz002726,2021/06/11,11.70,11.78,11.66,11.85,72534.99,None,0.01
sz002726,2021/06/15,11.70,11.53,11.30,11.76,106646.22,None,-0.25
sz002726,2021/06/16,11.48,11.04,10.96,11.50,82746.29,None,-0.49
sz002726,2021/06/17,11.11,11.11,11.04,11.67,108351.93,None,0.07
sz002726,2021/06/18,10.94,11.08,10.92,11.27,65029.83,None,-0.03
sz002726,2021/06/21,11.00,10.77,10.65,11.07,91185.99,None,-0.31
sz002726,2021/06/22,10.85,10.73,10.64,10.86,64268.00,None,-0.04
sz002726,2021/06/23,10.75,10.47,10.35,10.75,69139.18,None,-0.26
sz002726,2021/06/24,10.48,10.10,10.05,10.51,78656.50,None,-0.37
sz002726,2021/06/25,10.10,10.40,10.08,10.45,69084.32,None,0.30
sz002726,2021/06/28,10.47,10.80,10.46,10.90,151911.73,None,0.40
sz002726,2021/06/29,10.80,10.41,10.40,10.80,91180.63,None,-0.39
sz002726,2021/06/30,10.40,10.12,10.07,10.40,85914.84,None,-0.29
sz002726,2021/07/01,10.12,10.16,10.10,10.26,39005.50,None,0.04
sz002726,2021/07/02,10.12,10.20,10.05,10.29,44702.83,None,0.04
sz002726,2021/07/05,10.25,10.23,9.95,10.35,56485.17,None,0.03
sz002726,2021/07/06,10.24,10.30,10.09,10.38,53437.69,None,0.07
sz002726,2021/07/07,10.35,10.35,10.26,10.55,63617.29,None,0.05
sz002726,2021/07/08,10.41,10.00,9.99,10.41,76401.03,None,-0.35
sz002726,2021/07/09,9.96,9.89,9.83,10.07,72089.14,None,-0.11
sz002726,2021/07/12,9.97,9.90,9.88,10.02,69813.05,None,0.01
sz002726,2021/07/13,9.89,10.00,9.68,10.02,59872.94,None,0.10
sz002726,2021/07/14,9.99,9.84,9.81,10.00,49809.31,None,-0.16
sz002726,2021/07/15,9.80,9.75,9.69,9.82,39274.09,None,-0.09
sz002726,2021/07/16,9.74,9.65,9.60,9.80,65457.39,None,-0.10
sz002726,2021/07/19,9.65,9.38,9.35,9.66,63497.29,None,-0.27
sz002726,2021/07/20,9.37,9.39,9.26,9.50,53164.02,None,0.01
sz002726,2021/07/21,9.41,9.46,9.41,9.53,70554.50,None,0.07
sz002726,2021/07/22,9.46,9.25,9.12,9.49,108705.65,None,-0.21
sz002726,2021/07/23,9.28,9.25,9.15,9.38,74066.51,None,0.00
sz002726,2021/07/26,9.26,9.39,9.24,9.53,80243.00,None,0.14
sz002726,2021/07/27,9.39,9.33,9.30,9.44,56657.95,None,-0.06
sz002726,2021/07/28,9.30,9.21,8.86,9.31,53819.80,None,-0.12
sz002726,2021/07/29,9.21,9.00,8.93,9.30,81953.88,None,-0.21
sz002726,2021/07/30,9.01,9.01,8.87,9.07,47119.86,None,0.01
sz002726,2021/08/02,9.00,9.24,8.87,9.34,98826.45,None,0.23
sz002726,2021/08/03,9.20,9.28,9.16,9.34,52992.71,None,0.04
sz002726,2021/08/04,9.28,9.25,9.20,9.32,57532.86,None,-0.03
sz002726,2021/08/05,9.26,9.04,9.01,9.26,67307.02,None,-0.21
sz002726,2021/08/06,9.02,9.09,8.95,9.11,37543.65,None,0.05
sz002726,2021/08/09,9.08,9.81,9.05,9.90,235520.77,None,0.72
sz002726,2021/08/10,9.88,9.66,9.55,9.88,109123.27,None,-0.15
sz002726,2021/08/11,9.66,9.62,9.50,9.76,66849.80,None,-0.04
sz002726,2021/08/12,9.62,9.48,9.40,9.73,70052.29,None,-0.14
sz002726,2021/08/13,9.51,9.56,9.40,9.56,42763.62,None,0.08
sz002726,2021/08/16,9.59,9.49,9.45,9.64,57752.74,None,-0.07
sz002726,2021/08/17,9.46,9.22,9.20,9.56,58946.93,None,-0.27
sz002726,2021/08/18,9.21,9.28,9.05,9.30,51697.13,None,0.06
sz002726,2021/08/19,9.27,9.35,9.19,9.40,48349.14,None,0.07
sz002726,2021/08/20,9.33,9.30,9.23,9.35,39760.88,None,-0.05
sz002726,2021/08/23,9.29,9.41,9.26,9.50,36899.92,None,0.11
sz002726,2021/08/24,9.41,9.41,9.38,9.57,61896.66,None,0.00
sz002726,2021/08/25,9.41,9.48,9.31,9.48,39420.86,None,0.07
sz002726,2021/08/26,9.41,9.30,9.30,9.45,44736.24,None,-0.18
sz002726,2021/08/27,9.26,9.29,9.23,9.33,38168.19,None,-0.01
sz002726,2021/08/30,9.26,9.60,9.26,9.61,116008.28,None,0.31
sz002726,2021/08/31,9.66,10.05,9.66,10.15,294047.41,None,0.45
sz002726,2021/09/01,9.95,10.29,9.90,10.38,219920.22,None,0.24
sz002726,2021/09/02,10.18,10.03,9.90,10.30,186502.34,None,-0.26
sz002726,2021/09/03,10.03,10.40,9.95,10.50,169463.95,None,0.37
sz002726,2021/09/06,10.49,10.33,10.16,10.68,177361.09,None,-0.07
sz002726,2021/09/07,10.28,10.73,10.23,10.81,233278.64,None,0.40
sz002726,2021/09/08,10.79,10.75,10.52,10.79,214045.09,None,0.02
sz002726,2021/09/09,10.73,10.50,10.33,11.00,222013.44,None,-0.25
sz002726,2021/09/10,10.43,10.59,10.25,10.65,157559.47,None,0.09
sz002726,2021/09/13,10.64,10.18,10.11,10.68,131360.52,None,-0.41
sz002726,2021/09/14,10.18,9.94,9.88,10.24,99763.36,None,-0.24
sz002726,2021/09/15,10.00,9.88,9.83,10.01,114325.57,None,-0.06
sz002726,2021/09/16,9.91,10.34,9.86,10.47,247941.20,None,0.46
sz002726,2021/09/17,10.49,10.25,10.03,10.50,189509.58,None,-0.09
sz002726,2021/09/22,10.08,9.84,9.84,10.21,129321.40,None,-0.41
sz002726,2021/09/23,9.84,9.99,9.80,10.00,153034.05,None,0.15
sz002726,2021/09/24,9.88,10.21,9.87,10.31,195738.28,None,0.22
sz002726,2021/09/27,10.18,10.00,9.95,10.27,134657.59,None,-0.21
sz002726,2021/09/28,9.90,9.90,9.68,9.93,110170.65,None,-0.10
sz002726,2021/09/29,9.84,9.67,9.53,9.88,61542.66,None,-0.23
sz002726,2021/09/30,9.67,9.87,9.67,9.91,61659.92,None,0.20
sz002726,2021/10/08,10.05,10.19,9.88,10.30,105878.94,None,0.32
sz002726,2021/10/11,10.28,10.24,10.03,10.30,127169.55,None,0.05
sz002726,2021/10/12,10.11,9.94,9.90,10.13,83675.85,None,-0.30
sz002726,2021/10/13,9.94,9.99,9.85,10.08,58429.74,None,0.05
sz002726,2021/10/14,9.97,9.84,9.81,10.00,52721.92,None,-0.15
sz002726,2021/10/15,9.70,9.39,9.35,9.79,113065.14,None,-0.45
sz002726,2021/10/18,9.32,9.39,9.14,9.46,70298.10,None,0.00
sz002726,2021/10/19,9.43,9.85,9.36,10.06,155073.28,None,0.46
sz002726,2021/10/20,9.84,9.47,9.46,9.90,99202.53,None,-0.38
sz002726,2021/10/21,9.43,9.42,9.32,9.56,58768.57,None,-0.05
sz002726,2021/10/22,9.45,9.43,9.35,9.50,41603.38,None,0.01
sz002726,2021/10/25,9.65,9.71,9.36,9.75,125404.67,None,0.28
sz002726,2021/10/26,9.59,9.76,9.51,9.76,71125.42,None,0.05
sz002726,2021/10/27,9.76,9.95,9.59,10.00,121958.30,None,0.19
sz002726,2021/10/28,9.90,9.79,9.67,9.97,96814.08,None,-0.16
sz002726,2021/10/29,9.94,10.06,9.68,10.07,118283.69,None,0.27
sz002726,2021/11/01,10.02,9.89,9.82,10.02,77765.03,None,-0.17
sz002726,2021/11/02,9.82,10.01,9.70,10.04,129672.57,None,0.12
sz002726,2021/11/03,9.95,10.35,9.88,10.47,289525.53,None,0.34
sz002726,2021/11/04,10.36,10.43,10.18,10.54,278928.12,None,0.08
sz002726,2021/11/05,10.28,10.12,10.07,10.36,158321.28,None,-0.31
sz002726,2021/11/08,10.11,9.91,9.87,10.18,106077.36,None,-0.21
sz002726,2021/11/09,9.85,10.05,9.80,10.08,103698.67,None,0.14
sz002726,2021/11/10,10.01,9.97,9.90,10.03,51673.85,None,-0.08
sz002726,2021/11/11,9.92,9.94,9.86,10.06,74079.25,None,-0.03
sz002726,2021/11/12,9.90,9.72,9.72,9.95,96087.48,None,-0.22
sz002726,2021/11/15,9.72,9.78,9.70,9.89,84546.45,None,0.06
sz002726,2021/11/16,9.78,9.98,9.72,9.99,139280.70,None,0.20
sz002726,2021/11/17,9.98,10.30,9.92,10.38,237764.92,None,0.32
sz002726,2021/11/18,10.37,10.07,10.01,10.37,135768.86,None,-0.23
sz002726,2021/11/19,10.12,10.69,10.02,10.76,322269.81,None,0.62
sz002726,2021/11/22,10.70,11.10,10.70,11.12,389207.62,None,0.41
sz002726,2021/11/23,10.94,10.97,10.88,11.14,177722.95,None,-0.13
sz002726,2021/11/24,11.13,11.15,10.90,11.45,416636.53,None,0.18
sz002726,2021/11/25,11.27,11.01,10.41,11.35,447196.28,None,-0.14
sz002726,2021/11/26,11.31,12.11,11.21,12.11,343462.28,None,1.10
sz002726,2021/11/29,12.27,11.15,10.97,12.28,597150.19,None,-0.96
sz002726,2021/11/30,11.06,11.35,10.96,11.36,254283.20,None,0.20
sz002726,2021/12/01,11.27,11.16,11.00,11.28,156029.17,None,-0.19
sz002726,2021/12/02,11.28,11.20,11.11,11.58,217101.48,None,0.04
sz002726,2021/12/03,11.05,10.86,10.80,11.20,186533.59,None,-0.34
sz002726,2021/12/06,10.99,10.59,10.50,11.00,165742.41,None,-0.27
sz002726,2021/12/07,10.66,10.18,10.13,10.66,194337.00,None,-0.41
sz002726,2021/12/08,10.19,10.32,10.19,10.55,165782.52,None,0.14
sz002726,2021/12/09,10.33,10.35,10.23,10.43,122461.93,None,0.03
sz002726,2021/12/10,10.29,10.29,10.24,10.40,131638.19,None,-0.06
sz002726,2021/12/13,10.25,10.30,10.23,10.37,124123.20,None,0.01
sz002726,2021/12/14,10.33,10.23,10.19,10.33,145676.81,None,-0.07
sz002726,2021/12/15,10.23,10.44,10.20,10.49,211914.52,None,0.21
sz002726,2021/12/16,10.43,10.32,10.27,10.46,142023.98,None,-0.12
sz002726,2021/12/17,10.28,10.31,10.25,10.41,135838.19,None,-0.01
sz002726,2021/12/20,10.31,9.82,9.71,10.32,225634.78,None,-0.49
sz002726,2021/12/21,9.82,9.84,9.71,9.85,76654.52,None,0.02
sz002726,2021/12/22,9.84,9.88,9.81,9.95,72700.57,None,0.04
sz002726,2021/12/23,9.88,10.01,9.84,10.10,90369.75,None,0.13
sz002726,2021/12/24,10.10,10.05,10.04,10.38,159459.47,None,0.04
sz002726,2021/12/27,10.04,10.14,10.02,10.27,111419.36,None,0.09
sz002726,2021/12/28,10.20,10.24,10.14,10.39,121039.02,None,0.10
sz002726,2021/12/29,10.38,10.39,10.30,10.65,222610.91,None,0.15
sz002726,2021/12/30,10.39,10.29,10.03,10.48,151092.16,None,-0.10
sz002726,2021/12/31,10.30,10.46,10.19,10.47,182200.31,None,0.17
sz002726,2022/01/04,10.55,11.01,10.36,11.19,408714.31,None,0.55
sz002726,2022/01/05,11.22,11.00,10.87,11.52,450919.25,None,-0.01
sz002726,2022/01/06,10.94,10.82,10.68,11.00,217816.92,None,-0.18
sz002726,2022/01/07,10.75,10.49,10.47,10.83,159360.19,None,-0.33
sz002726,2022/01/10,10.48,11.18,10.37,11.18,291285.44,None,0.69
sz002726,2022/01/11,11.18,10.73,10.67,11.40,238826.16,None,-0.45
sz002726,2022/01/12,10.70,11.26,10.57,11.35,513377.44,None,0.53
sz002726,2022/01/13,11.49,11.17,11.15,11.59,641370.38,None,-0.09
sz002726,2022/01/14,11.35,10.98,10.91,11.70,616991.25,None,-0.19
sz002726,2022/01/17,10.75,10.83,10.33,11.06,396517.69,None,-0.15
sz002726,2022/01/18,10.70,10.40,10.33,10.96,286150.09,None,-0.43
sz002726,2022/01/19,10.36,10.36,10.22,10.47,148802.17,None,-0.04
sz002726,2022/01/20,10.28,10.33,10.22,10.74,195541.48,None,-0.03
sz002726,2022/01/21,10.15,9.95,9.95,10.21,151021.50,None,-0.38
sz002726,2022/01/24,9.80,9.78,9.73,9.93,92910.13,None,-0.17
sz002726,2022/01/25,9.75,9.31,9.29,9.82,144930.30,None,-0.47
sz002726,2022/01/26,9.31,9.19,8.88,9.40,185828.92,None,-0.12
sz002726,2022/01/27,9.13,8.99,8.85,9.18,152228.45,None,-0.20
sz002726,2022/01/28,8.99,8.89,8.89,9.08,146886.33,None,-0.10
sz002726,2022/02/07,8.58,8.57,8.04,8.59,179940.93,15041.55,-0.32
sz002726,2022/02/08,8.55,8.70,8.44,8.71,75002.02,6454.82,0.13
sz002726,2022/02/09,8.68,8.85,8.61,9.06,124498.23,11029.13,0.15
sz002726,2022/02/10,8.80,8.90,8.76,8.94,74665.00,6628.21,0.05
sz002726,2022/02/11,8.83,8.60,8.48,8.84,121584.78,10450.82,-0.30
sz002726,2022/02/14,8.63,8.59,8.38,8.64,69305.09,5902.81,-0.01
sz002726,2022/02/15,8.58,8.61,8.42,8.72,76224.11,6496.00,0.02
sz002726,2022/02/16,8.70,8.65,8.51,8.79,89157.04,7679.38,0.04
sz002726,2022/02/17,8.62,8.64,8.56,8.74,64872.91,5607.94,-0.01
sz002726,2022/02/18,8.64,8.84,8.52,8.88,105033.13,9178.72,0.20
sz002726,2022/02/21,8.84,8.92,8.81,9.00,95287.89,8488.81,0.08
sz002726,2022/02/22,8.85,8.85,8.78,8.98,76266.93,6759.74,-0.07
sz002726,2022/02/23,8.84,8.96,8.78,8.96,66063.85,5854.20,0.11
sz002726,2022/02/24,8.99,8.69,8.58,9.00,97360.66,8521.25,-0.27
sz002726,2022/02/25,8.66,8.73,8.56,8.80,75739.28,6571.48,0.04
sz002726,2022/02/28,8.72,8.78,8.57,8.82,70763.85,6178.83,0.05
sz002726,2022/03/01,8.85,9.36,8.85,9.42,255455.03,23343.75,0.58
sz002726,2022/03/02,9.39,9.13,9.09,9.46,176244.00,16275.52,-0.23
sz002726,2022/03/03,9.13,9.06,9.05,9.19,78565.18,7153.40,-0.07
sz002726,2022/03/04,9.03,9.10,8.96,9.21,98146.92,8939.32,0.04
sz002726,2022/03/07,9.12,9.13,8.97,9.25,106124.54,9699.68,0.03
sz002726,2022/03/08,9.14,8.88,8.86,9.19,157264.88,14189.78,-0.25
sz002726,2022/03/09,8.88,9.06,8.61,9.09,182810.51,16141.49,0.18
sz002726,2022/03/10,9.12,9.14,9.02,9.24,122405.51,11192.69,0.08
sz002726,2022/03/11,9.13,9.20,8.96,9.28,115779.28,10612.03,0.06
sz002726,2022/03/14,9.10,9.05,9.00,9.28,89377.31,8154.68,-0.15
sz002726,2022/03/15,8.91,8.91,8.75,9.12,126165.96,11255.56,-0.14
sz002726,2022/03/16,8.92,9.14,8.89,9.20,151807.54,13742.82,0.23
sz002726,2022/03/17,9.22,9.10,9.01,9.25,125136.40,11448.46,-0.04
sz002726,2022/03/18,9.00,9.15,8.91,9.21,113130.13,10301.01,0.05
sz002726,2022/03/21,9.17,9.23,9.09,9.40,121948.74,11262.49,0.08
sz002726,2022/03/22,9.20,9.25,9.03,9.36,92950.26,8584.18,0.02
sz002726,2022/03/23,9.20,9.21,9.13,9.25,58783.44,5397.98,-0.04
sz002726,2022/03/24,9.15,9.21,9.02,9.30,87062.60,7985.17,0.00
sz002726,2022/03/25,9.17,9.31,9.13,9.50,148617.61,13910.14,0.10
sz002726,2022/03/28,9.32,9.46,9.22,9.49,125980.46,11829.53,0.15
sz002726,2022/03/29,9.40,9.73,9.39,9.88,222696.60,21570.18,0.27
sz002726,2022/03/30,9.57,9.77,9.51,9.79,150659.69,14592.19,0.04
sz002726,2022/03/31,9.70,9.56,9.50,9.74,180867.21,17317.60,-0.21
sz002726,2022/04/01,9.54,9.58,9.40,9.68,121090.62,11552.62,0.02
sz002726,2022/04/06,9.57,9.60,9.48,9.65,90981.51,8687.84,0.02
sz002726,2022/04/07,9.51,9.57,9.42,9.63,109669.45,10421.53,-0.03
sz002726,2022/04/08,9.53,9.45,9.36,9.55,80510.02,7609.71,-0.12
sz002726,2022/04/11,9.45,9.59,9.44,9.81,132477.97,12812.70,0.14
sz002726,2022/04/12,9.59,9.73,9.41,9.74,118855.49,11355.26,0.14
sz002726,2022/04/13,9.70,9.71,9.60,9.88,101720.14,9887.09,-0.02
sz002726,2022/04/14,9.66,9.77,9.60,9.99,150320.12,14764.34,0.06
sz002726,2022/04/15,9.83,10.30,9.77,10.30,309555.38,31193.95,0.53
sz002726,2022/04/18,10.35,10.25,10.10,10.57,253393.71,26166.50,-0.05
sz002726,2022/04/19,10.12,10.21,10.03,10.45,228339.71,23332.99,-0.04
sz002726,2022/04/20,10.11,10.52,10.03,10.57,276453.83,28610.67,0.31
sz002726,2022/04/21,10.60,10.03,9.87,10.61,261232.95,26720.92,-0.49
sz002726,2022/04/22,9.89,9.55,9.37,9.98,191883.31,18390.15,-0.48
sz002726,2022/04/25,9.29,9.30,8.97,9.38,193767.65,17732.58,-0.25
sz002726,2022/04/26,9.20,9.37,9.17,9.68,170766.26,16024.82,0.07
sz002726,2022/04/27,9.10,9.54,9.07,9.59,125454.44,11714.77,0.17
sz002726,2022/04/28,9.50,9.65,9.37,9.68,79664.00,7587.88,0.11
sz002726,2022/04/29,9.56,10.02,9.53,10.09,166208.89,16462.79,0.37
sz002726,2022/05/05,10.16,11.02,10.14,11.02,465367.96,50751.98,1.00
sz002726,2022/05/06,11.07,10.69,10.60,11.44,693147.19,76701.11,-0.33
sz002726,2022/05/09,10.79,10.50,10.20,10.93,307019.74,32077.43,-0.19
sz002726,2022/05/10,10.25,10.49,10.25,10.59,246961.91,25773.35,-0.01
sz002726,2022/05/11,10.45,10.46,10.32,10.66,248170.02,25961.51,-0.03
sz002726,2022/05/12,10.47,10.70,10.23,10.84,303186.13,32141.71,0.24
sz002726,2022/05/13,10.62,10.53,10.36,10.72,180390.10,18969.74,-0.17
sz002726,2022/05/16,10.51,10.50,10.42,10.79,214888.13,22715.38,-0.03
sz002726,2022/05/17,10.41,10.86,10.38,10.87,256285.48,27211.43,0.36
sz002726,2022/05/18,10.92,10.55,10.54,11.91,504426.87,56061.46,-0.31
sz002726,2022/05/19,10.30,10.14,10.01,10.48,213772.60,21757.42,-0.41
sz002726,2022/05/20,10.04,10.13,10.04,10.26,114158.20,11576.96,-0.01
sz002726,2022/05/23,10.22,10.11,10.06,10.26,105916.78,10763.65,-0.02
sz002726,2022/05/24,10.06,9.73,9.73,10.13,118252.98,11694.12,-0.38
sz002726,2022/05/25,9.75,9.98,9.75,10.10,119805.05,11949.29,0.25
sz002726,2022/05/26,9.99,9.96,9.87,10.08,68524.74,6830.39,-0.02
sz002726,2022/05/27,9.98,9.86,9.77,10.01,68404.04,6767.36,-0.10
sz002726,2022/05/30,9.93,9.84,9.77,10.02,53590.03,5276.42,-0.02
sz002726,2022/05/31,9.80,9.92,9.78,9.97,66801.26,6619.01,0.08
sz002726,2022/06/01,9.90,9.99,9.86,10.08,62120.56,6197.68,0.07
sz002726,2022/06/02,9.92,10.00,9.89,10.08,61710.48,6165.60,0.01
sz002726,2022/06/06,10.02,10.02,9.97,10.07,54086.81,5410.61,0.02
sz002726,2022/06/07,10.00,10.20,10.00,10.40,115238.27,11790.62,0.18
sz002726,2022/06/08,10.20,10.22,9.98,10.28,101953.44,10347.55,0.02
sz002726,2022/06/09,10.13,10.09,10.05,10.25,59250.94,6000.66,-0.13
sz002726,2022/06/10,10.11,10.13,10.06,10.19,49461.56,5006.39,0.04
sz002726,2022/06/13,10.11,10.34,10.06,10.36,129032.48,13259.67,0.21
sz002726,2022/06/14,10.25,10.35,10.20,10.58,155945.94,16196.01,0.01
sz002726,2022/06/15,10.50,10.15,10.14,10.52,112995.58,11623.44,-0.20
sz002726,2022/06/16,10.10,10.24,10.09,10.49,132412.19,13629.04,0.09
sz002726,2022/06/17,10.24,10.29,10.14,10.37,94877.68,9722.92,0.05
sz002726,2022/06/20,10.40,10.49,10.26,10.54,148572.94,15471.04,0.20
sz002726,2022/06/21,10.51,10.36,10.23,10.64,96539.00,10055.83,-0.13
sz002726,2022/06/22,10.39,10.39,10.26,10.56,101407.29,10574.60,0.03
sz002726,2022/06/23,10.38,10.51,10.36,10.54,103393.75,10840.22,0.12
sz002726,2022/06/24,10.52,10.78,10.50,10.86,155401.26,16690.95,0.27
sz002726,2022/06/27,10.73,10.87,10.73,10.99,171754.97,18609.63,0.09
sz002726,2022/06/28,10.87,10.74,10.52,11.10,214152.84,23142.46,-0.13
sz002726,2022/06/29,10.73,10.42,10.35,10.75,136495.40,14352.63,-0.32
sz002726,2022/06/30,10.40,10.66,10.39,10.75,150333.38,15954.31,0.24
sz002726,2022/07/01,10.68,10.76,10.63,10.88,104199.00,11209.07,0.10
sz002726,2022/07/04,10.77,11.05,10.75,11.06,265413.97,29089.40,0.29
sz002726,2022/07/05,10.92,10.92,10.75,11.00,146476.70,15925.69,-0.13
sz002726,2022/07/06,10.81,10.88,10.69,10.90,142163.84,15328.72,-0.04
sz002726,2022/07/07,10.88,10.98,10.82,11.12,208795.09,22979.21,0.10
sz002726,2022/07/08,11.05,10.99,10.82,11.14,131018.05,14367.71,0.01
sz002726,2022/07/11,10.85,10.99,10.72,11.02,144261.46,15707.90,0.00
sz002726,2022/07/14,10.85,10.73,10.66,10.88,95264.35,10234.80,-0.13
sz002726,2022/07/15,10.71,10.75,10.61,10.89,114834.32,12334.11,0.02
sz002726,2022/07/18,10.92,10.98,10.66,11.20,315810.79,34603.49,0.23
sz002726,2022/07/19,10.84,10.46,9.99,10.84,285550.52,29598.08,-0.52
sz002726,2022/07/20,10.46,10.43,10.17,10.62,163435.48,16903.39,-0.03
sz002726,2022/07/21,10.36,10.35,10.24,10.55,129757.69,13477.51,-0.08
sz002726,2022/07/22,10.33,10.38,10.12,10.50,95396.59,9819.42,0.03
sz002726,2022/07/25,10.38,10.26,10.22,10.62,64663.70,6734.45,-0.12
sz002726,2022/07/26,10.24,10.27,10.16,10.35,48076.03,4922.00,0.01
sz002726,2022/07/27,10.23,10.15,10.15,10.27,31762.64,3234.41,-0.12
sz002726,2022/07/28,10.21,10.15,10.15,10.33,52918.09,5400.09,0.00
sz002726,2022/07/29,10.10,10.16,10.05,10.28,75083.20,7627.11,0.01
sz002726,2022/08/01,10.20,9.92,9.85,10.20,81357.32,8095.40,-0.24
sz002726,2022/08/04,9.70,9.63,9.39,9.71,74603.72,7096.55,0.05
sz002726,2022/08/05,9.66,9.58,9.47,9.66,43219.60,4127.18,-0.05
sz002726,2022/08/08,9.57,9.58,9.49,9.67,36516.90,3503.91,0.00
sz002726,2022/08/09,9.55,9.51,9.43,9.58,29589.10,2804.26,-0.07
sz002726,2022/08/11,9.43,9.61,9.40,9.63,38765.44,3694.47,0.15
sz002726,2022/08/12,9.55,9.64,9.52,9.67,28005.91,2689.72,0.03
sz002726,2022/08/15,9.59,9.59,9.51,9.63,34203.44,3273.10,-0.05
sz002726,2022/08/16,9.60,9.70,9.57,9.74,39439.44,3814.71,0.11
sz002726,2022/08/17,9.70,9.61,9.60,9.72,33742.23,3251.45,-0.09
sz002726,2022/08/18,9.60,9.46,9.45,9.61,31970.76,3032.63,-0.15
sz002726,2022/08/19,9.44,9.52,9.40,9.61,29409.62,2802.26,0.06
sz002726,2022/08/23,9.51,9.38,9.38,9.51,42572.47,4011.63,-0.13
sz002726,2022/08/24,9.42,9.38,9.25,9.48,50522.29,4738.67,0.00
sz002726,2022/08/25,9.41,9.20,9.11,9.41,44706.00,4124.19,-0.18
sz002726,2022/08/26,9.20,9.21,9.15,9.25,26959.00,2482.89,0.01
sz002726,2022/08/29,9.17,9.21,9.07,9.26,35315.10,3243.61,0.00
sz002726,2022/08/30,9.21,9.18,9.09,9.22,38316.36,3507.77,-0.03
sz002726,2022/08/31,9.21,9.26,9.16,9.40,74099.30,6877.83,0.08
sz002726,2022/09/01,9.28,9.20,9.15,9.29,54399.42,5010.75,-0.06
sz002726,2022/09/02,9.17,9.13,9.08,9.19,38774.07,3538.14,-0.07
sz002726,2022/09/05,9.10,9.05,8.97,9.18,38701.43,3499.34,-0.08
sz002726,2022/09/06,9.11,9.08,8.98,9.12,36403.00,3302.63,0.03
sz002726,2022/09/07,9.02,9.04,8.97,9.05,35330.22,3179.65,-0.04
sz002726,2022/09/08,9.06,9.03,8.97,9.08,33342.53,3004.15,-0.01
sz002726,2022/09/09,9.04,9.10,8.97,9.10,34565.65,3126.04,0.07
sz002726,2022/09/13,9.11,9.17,9.09,9.23,49372.38,4521.83,0.07
sz002726,2022/09/14,9.11,9.07,9.03,9.11,24640.35,2235.41,-0.10
sz002726,2022/09/15,9.06,9.05,8.92,9.08,38179.35,3439.76,-0.02
sz002726,2022/09/16,9.05,9.06,8.75,9.06,47493.11,4232.88,0.01
sz002726,2022/09/19,9.03,9.01,8.82,9.04,42277.33,3775.06,-0.05
sz002726,2022/09/20,9.01,9.00,8.96,9.04,24581.57,2213.17,-0.01
sz002726,2022/09/21,8.99,8.98,8.88,9.00,23788.00,2129.75,-0.02
sz002726,2022/09/22,8.91,9.02,8.86,9.05,28697.18,2581.83,0.04
sz002726,2022/09/23,9.01,9.03,8.95,9.12,32500.38,2936.22,0.01
sz002726,2022/09/26,9.03,8.99,8.94,9.11,33774.79,3047.80,-0.04
sz002726,2022/09/27,8.93,9.07,8.93,9.08,35172.32,3179.43,0.08
sz002726,2022/09/28,9.06,9.18,9.02,9.26,76080.33,6974.31,0.11
sz002726,2022/09/29,9.24,9.24,9.10,9.32,73148.35,6737.84,0.06
sz002726,2022/09/30,9.19,9.39,9.17,9.44,89107.13,8331.07,0.15
sz002726,2022/10/10,9.54,9.51,9.38,9.60,133065.29,12644.40,0.12
sz002726,2022/10/12,9.38,9.43,9.29,9.48,70442.70,6620.38,0.04
sz002726,2022/10/13,9.41,9.45,9.36,9.55,96204.60,9094.36,0.02
sz002726,2022/10/14,9.45,9.35,9.33,9.50,83719.70,7851.00,-0.10
sz002726,2022/10/17,9.30,9.37,9.26,9.43,56296.21,5265.66,0.02
sz002726,2022/10/18,9.40,9.67,9.37,9.70,142163.47,13572.65,0.30
sz002726,2022/10/19,9.59,9.44,9.40,9.66,108109.73,10293.48,-0.23
sz002726,2022/10/20,9.46,9.38,9.27,9.47,68014.87,6367.03,-0.06
sz002726,2022/10/21,9.41,9.53,9.37,9.60,96725.76,9190.94,0.15
sz002726,2022/10/24,9.49,9.24,8.98,9.63,135159.42,12527.92,-0.29
sz002726,2022/10/27,9.45,9.54,9.35,9.55,70318.59,6667.11,0.10
sz002726,2022/10/28,9.56,9.39,9.11,9.58,81438.48,7602.63,-0.15
sz002726,2022/11/01,9.35,9.48,9.29,9.58,105112.81,9954.46,0.14
sz002726,2022/11/02,9.53,9.47,9.37,9.55,56052.00,5308.60,-0.01
sz002726,2022/11/03,9.42,10.26,9.40,10.38,303136.57,30136.28,0.79
sz002726,2022/11/04,10.27,10.21,10.03,10.37,296222.53,30163.49,-0.05
sz002726,2022/11/07,10.25,9.99,9.96,10.48,198564.23,20137.75,-0.22
sz002726,2022/11/08,9.94,9.73,9.71,9.97,136339.42,13344.99,-0.26
sz002726,2022/11/09,9.73,9.92,9.69,9.93,120729.13,11839.48,0.19
sz002726,2022/11/10,9.87,9.97,9.84,10.15,109543.91,10965.59,0.05
sz002726,2022/11/11,10.12,9.99,9.94,10.24,109467.15,10960.70,0.02
sz002726,2022/11/14,9.99,10.01,9.93,10.23,152447.11,15336.88,0.02
sz002726,2022/11/15,10.24,10.12,10.01,10.34,317696.55,32189.96,0.11
sz002726,2022/11/16,10.03,9.89,9.77,10.04,187401.30,18499.18,-0.23
sz002726,2022/11/17,9.85,9.84,9.72,9.99,111201.82,10954.93,-0.05
sz002726,2022/11/18,9.84,9.71,9.66,9.90,110666.00,10798.81,-0.13
sz002726,2022/11/21,9.63,9.52,9.38,9.70,107149.53,10153.02,-0.19
sz002726,2022/11/22,9.47,9.29,9.20,9.61,118803.47,11128.06,-0.23
sz002726,2022/11/23,9.27,9.20,9.11,9.27,63943.87,5868.58,-0.09
sz002726,2022/11/24,9.20,9.25,9.18,9.29,48005.65,4433.28,0.05
sz002726,2022/11/25,9.26,9.47,9.19,9.52,89000.21,8320.44,0.22
sz002726,2022/11/28,9.43,9.31,9.25,9.43,79583.10,7419.16,-0.16
sz002726,2022/11/29,9.38,9.35,9.32,9.47,84349.48,7917.56,0.04
sz002726,2022/11/30,9.40,9.33,9.30,9.42,69610.33,6501.21,-0.02
sz002726,2022/12/01,9.38,9.44,9.35,9.52,116803.77,11017.28,0.11
sz002726,2022/12/02,9.42,9.42,9.34,9.53,96736.12,9097.54,-0.02
sz002726,2022/12/05,9.43,9.36,9.34,9.48,102461.82,9624.14,-0.06
sz002726,2022/12/06,9.29,9.31,9.29,9.43,83918.67,7854.61,-0.05
sz002726,2022/12/07,9.34,9.27,9.23,9.38,123096.87,11427.56,-0.04
sz002726,2022/12/08,9.26,9.16,9.13,9.26,99113.64,9088.68,-0.11
sz002726,2022/12/09,9.15,9.18,9.03,9.22,101455.28,9263.05,0.02
sz002726,2022/12/12,9.13,9.00,8.98,9.20,106131.30,9603.67,-0.18
sz002726,2022/12/13,9.03,9.19,8.95,9.30,235295.14,21336.29,0.19
sz002726,2022/12/14,9.15,9.16,9.01,9.21,151839.82,13829.66,-0.03
sz002726,2022/12/15,9.12,9.13,9.05,9.21,102047.00,9310.81,-0.03
sz002726,2022/12/16,9.10,9.07,9.03,9.13,77613.95,7035.55,-0.06
sz002726,2022/12/19,9.09,9.09,8.98,9.11,101943.12,9218.28,0.02
sz002726,2022/12/20,9.09,9.05,8.93,9.10,84741.87,7626.09,-0.04
sz002726,2022/12/21,9.06,9.21,9.02,9.24,171373.45,15666.60,0.16
sz002726,2022/12/22,9.19,9.17,9.08,9.30,142889.24,13165.22,-0.04
sz002726,2022/12/23,9.12,9.14,9.05,9.19,92527.52,8442.27,-0.03
sz002726,2022/12/26,9.19,9.25,9.10,9.32,115174.59,10626.01,0.11
sz002726,2022/12/27,9.25,9.28,9.21,9.39,102004.00,9466.53,0.03
sz002726,2022/12/28,9.23,9.14,9.08,9.26,84074.57,7697.61,-0.14
sz002726,2022/12/29,9.10,9.11,9.03,9.13,48707.60,4422.39,-0.03
sz002726,2022/12/30,9.13,9.17,9.09,9.24,79234.19,7259.60,0.06
sz002726,2023/01/03,9.17,9.08,9.06,9.17,95183.95,8653.17,-0.09
sz002726,2023/01/04,9.08,9.00,8.98,9.09,88095.13,7951.02,-0.08
sz002726,2023/01/05,8.98,9.02,8.92,9.03,65426.77,5875.51,0.02
sz002726,2023/01/06,9.00,8.98,8.95,9.00,36907.40,3313.77,-0.04
sz002726,2023/01/09,8.99,9.00,8.97,9.03,39042.66,3513.12,0.02
sz002726,2023/01/10,9.00,8.96,8.95,9.00,35236.00,3158.70,-0.04
sz002726,2023/01/11,8.96,8.97,8.88,8.99,61386.50,5478.31,0.01
sz002726,2023/01/12,8.98,8.96,8.91,9.05,50595.79,4538.60,-0.01
sz002726,2023/01/13,8.93,8.96,8.93,9.03,60086.05,5389.66,0.00
sz002726,2023/01/16,8.93,8.97,8.93,9.03,64892.00,5826.30,0.01
sz002726,2023/01/17,8.98,8.92,8.90,9.00,51400.00,4594.00,-0.05
sz002726,2023/01/18,8.92,8.89,8.89,8.97,39800.00,3542.00,-0.03
sz002726,2023/01/19,8.88,8.78,8.77,8.88,65300.00,5746.00,-0.11
sz002726,2023/01/20,8.78,8.84,8.75,8.87,48400.00,4279.00,0.06
sz002726,2023/01/30,8.90,9.02,8.90,9.06,110000.00,9924.00,0.18
sz002726,2023/01/31,9.02,9.01,8.99,9.06,59800.00,5386.00,-0.01
sz002726,2023/02/01,9.01,9.03,8.98,9.05,51000.00,4594.00,0.02
sz002726,2023/02/02,9.04,9.08,9.02,9.12,68100.00,6174.00,0.05
sz002726,2023/02/03,9.06,9.05,9.00,9.08,51700.00,4668.00,-0.03
sz002726,2023/02/06,9.08,9.03,8.99,9.08,33000.00,2981.00,-0.02
sz002726,2023/02/07,9.04,9.02,8.99,9.06,38600.00,3475.00,-0.01
sz002726,2023/02/08,9.03,9.04,8.99,9.07,43900.00,3968.00,0.02
sz002726,2023/02/09,9.04,9.05,8.99,9.05,44000.00,3973.00,0.01
sz002726,2023/02/10,9.05,9.07,9.03,9.12,71100.00,6451.00,0.02
sz002726,2023/02/13,9.06,9.09,9.05,9.13,63800.00,5800.00,0.02
sz002726,2023/02/14,9.15,9.17,9.11,9.25,92996.56,8530.43,0.08
sz002726,2023/02/15,9.19,9.07,9.07,9.20,71400.00,6509.00,-0.10
sz002726,2023/02/16,9.13,8.98,8.94,9.15,75900.00,6874.00,-0.09
sz002726,2023/02/17,8.96,9.00,8.96,9.08,47900.00,4319.00,0.02
sz002726,2023/02/20,8.96,9.00,8.91,9.05,58400.00,5236.00,0.00
sz002726,2023/02/21,9.00,9.01,8.96,9.04,43600.00,3926.00,0.01
sz002726,2023/02/22,8.98,9.15,8.93,9.23,133823.16,12196.09,0.14
sz002726,2023/02/23,9.14,9.14,9.09,9.22,95100.00,8722.00,-0.01
sz002726,2023/02/24,9.15,9.13,9.09,9.18,45600.00,4165.00,-0.01
sz002726,2023/02/27,9.10,9.03,9.03,9.13,41100.00,3725.00,-0.10
sz002726,2023/02/28,9.03,9.14,9.03,9.16,56600.00,5163.00,0.11
sz002726,2023/03/01,9.15,9.15,9.08,9.17,52800.00,4819.00,0.01
sz002726,2023/03/02,9.15,9.18,9.12,9.19,68100.00,6245.00,0.03
sz002726,2023/03/03,9.19,9.21,9.14,9.28,63900.00,5882.00,0.03
sz002726,2023/03/06,9.24,9.26,9.16,9.32,84900.00,7843.00,0.05
sz002726,2023/03/07,9.27,9.14,9.12,9.30,54300.00,4988.00,-0.12
sz002726,2023/03/08,9.12,9.29,9.08,9.39,116000.00,10700.00,0.15
sz002726,2023/03/09,9.35,9.30,9.17,9.36,89100.00,8229.00,0.01
sz002726,2023/03/10,9.22,9.15,9.15,9.22,56600.00,5199.00,-0.15
sz002726,2023/03/13,9.12,9.11,9.01,9.20,64134.45,5827.83,-0.04
sz002726,2023/03/14,9.11,9.17,9.11,9.33,87200.00,8014.00,0.06
sz002726,2023/03/15,9.19,9.26,9.18,9.39,109000.00,10100.00,0.09
sz002726,2023/03/16,9.25,9.15,9.11,9.25,67700.00,6216.00,-0.11
sz002726,2023/03/17,9.17,9.27,9.14,9.34,116000.00,10700.00,0.12
sz002726,2023/03/20,9.25,9.18,9.15,9.26,49200.00,4521.00,-0.09
sz002726,2023/03/21,9.14,9.17,9.14,9.19,57800.00,5297.00,-0.01
sz002726,2023/03/22,9.20,9.09,9.08,9.20,56800.00,5179.00,-0.08
sz002726,2023/03/23,9.05,8.94,8.94,9.06,80600.00,7246.00,-0.15
sz002726,2023/03/24,8.94,8.88,8.88,8.95,67000.00,5966.00,-0.06
sz002726,2023/03/27,8.89,8.90,8.86,8.95,62100.00,5534.00,0.02
sz002726,2023/03/28,8.89,8.89,8.86,8.91,64200.00,5709.00,-0.01
sz002726,2023/03/29,8.90,8.73,8.70,8.92,89500.00,7839.00,-0.16
sz002726,2023/03/30,8.73,8.71,8.66,8.74,64200.00,5579.00,-0.02
sz002726,2023/03/31,8.70,8.76,8.70,8.84,73800.00,6491.00,0.05
sz002726,2023/04/03,8.75,8.76,8.73,8.83,66600.00,5852.00,0.00
sz002726,2023/04/04,8.77,8.72,8.71,8.85,79200.00,6946.00,-0.04
sz002726,2023/04/06,8.66,8.43,8.43,8.72,113000.00,9632.00,-0.29
sz002726,2023/04/07,8.45,8.47,8.43,8.52,46700.00,3958.00,0.04
sz002726,2023/04/10,8.47,8.45,8.39,8.50,45400.00,3824.00,-0.02
sz002726,2023/04/11,8.44,8.40,8.36,8.44,49000.00,4116.00,-0.05
sz002726,2023/04/12,8.44,8.40,8.36,8.45,35700.00,2999.00,0.00
sz002726,2023/04/13,8.41,8.42,8.36,8.46,42700.00,3591.00,0.02
sz002726,2023/04/14,8.43,8.41,8.37,8.44,42600.00,3576.00,-0.01
sz002726,2023/04/17,8.40,8.61,8.38,8.70,91500.00,7814.00,0.20
sz002726,2023/04/18,8.52,8.52,8.43,8.55,65200.00,5528.00,-0.09
sz002726,2023/04/19,8.51,8.51,8.41,8.55,41300.00,3504.00,-0.01
sz002726,2023/04/20,8.51,8.48,8.41,8.51,39300.00,3317.00,-0.03
sz002726,2023/04/21,8.50,8.42,8.38,8.56,49100.00,4144.00,-0.06
sz002726,2023/04/24,8.41,8.46,8.23,8.48,59500.00,4974.00,0.04
sz002726,2023/04/25,8.45,8.37,8.31,8.55,54600.00,4579.00,-0.09
sz002726,2023/04/26,8.37,8.39,8.30,8.41,34410.41,2882.57,0.02
sz002726,2023/04/27,8.42,8.37,8.31,8.42,37400.00,3128.00,-0.02
sz002726,2023/04/28,8.36,8.38,8.35,8.42,35900.00,3010.00,0.01
sz002726,2023/05/04,8.37,8.44,8.36,8.49,37300.00,3151.00,0.06
sz002726,2023/05/05,8.44,8.43,8.35,8.46,36000.00,3022.00,-0.01
sz002726,2023/05/09,8.40,8.36,8.33,8.46,39800.00,3334.00,-0.07
sz002726,2023/05/10,8.35,8.36,8.31,8.42,29900.00,2499.00,0.00
sz002726,2023/05/11,8.36,8.40,8.31,8.45,38770.47,3243.20,0.04
sz002726,2023/05/12,8.37,8.41,8.35,8.51,49200.00,4137.00,0.01
sz002726,2023/05/15,8.41,8.37,8.30,8.42,41018.33,3424.09,-0.04
sz002726,2023/05/16,8.37,8.38,8.32,8.45,39200.00,3280.00,0.01
sz002726,2023/05/17,8.37,8.47,8.33,8.52,59800.00,5035.00,0.09
sz002726,2023/05/18,8.47,8.41,8.39,8.51,38300.00,3230.00,-0.06
sz002726,2023/05/19,8.45,8.66,8.37,8.75,144000.00,12400.00,0.25
sz002726,2023/05/22,8.67,8.73,8.59,8.79,102000.00,8839.00,0.07
sz002726,2023/05/24,8.60,8.54,8.49,8.60,36200.00,3083.00,-0.06
sz002726,2023/05/25,8.58,8.47,8.42,8.58,34300.00,2903.00,-0.07
sz002726,2023/05/26,8.45,8.47,8.38,8.48,30900.00,2602.00,0.00
sz002726,2023/05/29,8.47,8.41,8.39,8.51,30200.00,2543.00,-0.06
sz002726,2023/05/30,8.41,8.45,8.19,8.48,66900.00,5575.00,0.04
sz002726,2023/05/31,8.40,8.35,8.31,8.42,30200.00,2519.00,-0.10
sz002726,2023/06/01,8.32,8.62,8.29,8.86,115000.00,9796.00,0.27
sz002726,2023/06/02,8.58,8.93,8.48,9.01,160000.00,14000.00,0.31
sz002726,2023/06/05,8.88,8.66,8.66,8.88,50300.00,4399.00,-0.27
sz002726,2023/06/06,8.68,8.69,8.60,8.85,76200.00,6647.00,0.03
sz002726,2023/06/07,8.77,8.55,8.54,8.77,68700.00,5920.00,-0.14
sz002726,2023/06/08,8.56,8.49,8.49,8.66,69500.00,5960.00,-0.06
sz002726,2023/06/09,8.53,8.42,8.40,8.53,36100.00,3047.00,-0.07
sz002726,2023/06/12,8.43,8.44,8.37,8.47,36700.00,3093.00,0.02
sz002726,2023/06/13,8.44,8.45,8.39,8.47,34600.00,2910.00,0.01
sz002726,2023/06/14,8.45,8.44,8.39,8.48,35300.00,2981.00,-0.01
sz002726,2023/06/16,8.45,8.47,8.41,8.51,62200.00,5259.00,0.02
sz002726,2023/06/19,8.46,8.39,8.39,8.46,34100.00,2870.00,-0.08
sz002726,2023/06/20,8.39,8.35,8.33,8.42,41100.00,3437.00,-0.04
sz002726,2023/06/21,8.37,8.32,8.26,8.37,48300.00,4013.00,-0.03
sz002726,2023/06/26,8.28,8.30,8.25,8.34,32100.00,2664.00,-0.02
sz002726,2023/06/27,8.29,8.30,8.24,8.36,31400.00,2614.00,0.00
sz002726,2023/06/28,8.32,8.30,8.25,8.33,36300.00,3011.00,0.00
sz002726,2023/06/29,8.29,8.27,8.24,8.31,32800.00,2717.00,-0.03
sz002726,2023/06/30,8.27,8.29,8.22,8.31,37100.00,3069.00,0.02
sz002726,2023/07/03,8.29,8.32,8.27,8.32,39900.00,3315.00,0.03
sz002726,2023/07/04,8.32,8.29,8.26,8.33,37100.00,3075.00,-0.03
sz002726,2023/07/05,8.28,8.20,8.20,8.31,61900.00,5093.00,-0.09
sz002726,2023/07/06,8.19,8.15,8.14,8.22,66100.00,5410.00,-0.05
sz002726,2023/07/07,8.16,8.14,8.07,8.16,44700.00,3625.00,-0.01
sz002726,2023/07/10,8.14,8.12,8.09,8.19,42600.00,3457.00,-0.02
sz002726,2023/07/11,8.11,8.03,8.03,8.13,53500.00,4310.00,-0.09
sz002726,2023/07/12,8.01,7.98,7.80,8.02,105000.00,8307.00,-0.05
sz002726,2023/07/14,7.89,7.82,7.82,7.92,55800.00,4374.00,-0.09
sz002726,2023/07/17,7.56,7.73,7.21,7.82,92000.00,6985.00,-0.09
sz002726,2023/07/20,7.60,7.67,7.58,7.67,54500.00,4166.00,0.08
sz002726,2023/07/21,7.69,7.82,7.67,7.84,65400.00,5096.00,0.15
sz002726,2023/07/24,7.82,7.74,7.71,7.82,32000.00,2483.00,-0.08
sz002726,2023/07/25,7.75,7.82,7.75,7.87,44400.00,3471.00,0.08
sz002726,2023/07/26,7.82,7.88,7.77,7.92,42000.00,3300.00,0.06
sz002726,2023/07/27,7.88,7.87,7.85,7.91,32900.00,2594.00,-0.01
sz002726,2023/07/28,7.84,7.93,7.81,7.95,47300.00,3735.00,0.06
sz002726,2023/07/31,7.96,8.11,7.96,8.12,73000.00,5880.00,0.18
sz002726,2023/08/01,8.15,8.05,8.04,8.16,46400.00,3747.00,-0.06
sz002726,2023/08/02,8.07,8.05,8.00,8.09,45600.00,3664.00,0.00
sz002726,2023/08/03,8.04,8.17,8.01,8.22,66800.00,5437.00,0.12
sz002726,2023/08/04,8.16,8.07,8.06,8.21,56800.00,4609.00,-0.10
sz002726,2023/08/07,8.11,8.04,8.02,8.13,36400.00,2934.00,-0.03
sz002726,2023/08/08,8.04,8.05,7.98,8.07,26100.00,2099.00,0.01
sz002726,2023/08/09,8.07,8.03,7.97,8.07,24661.72,1974.51,-0.02
sz002726,2023/08/10,8.04,8.00,7.99,8.08,24426.80,1957.43,-0.03
sz002726,2023/08/11,8.00,7.89,7.87,8.02,32932.43,2607.98,-0.11
sz002726,2023/08/14,7.86,7.88,7.70,7.92,42606.61,3321.41,-0.01
sz002726,2023/08/15,7.87,7.80,7.76,7.91,29228.93,2283.89,-0.08
sz002726,2023/08/16,7.78,7.82,7.73,7.85,22299.30,1741.45,0.02
sz002726,2023/08/17,7.81,7.82,7.74,7.83,32191.30,2504.48,0.00
sz002726,2023/08/18,7.79,7.71,7.68,7.82,30982.39,2395.89,-0.11
sz002726,2023/08/21,7.75,7.67,7.63,7.75,30113.71,2312.86,-0.04
sz002726,2023/08/22,7.71,7.59,7.51,7.75,42000.00,3191.00,-0.08
sz002726,2023/08/23,7.59,7.50,7.46,7.60,29300.00,2203.00,-0.09
sz002726,2023/08/24,7.50,7.60,7.44,7.63,40547.94,3061.40,0.10
sz002726,2023/08/25,7.61,7.59,7.53,7.74,37600.00,2872.00,-0.01
sz002726,2023/08/28,7.78,7.58,7.42,7.84,107000.00,8092.00,-0.01
sz002726,2023/08/29,7.50,7.57,7.37,7.63,72300.00,5430.00,-0.01
sz002726,2023/08/30,7.50,7.50,7.45,7.59,45400.00,3406.00,-0.07
sz002726,2023/08/31,7.45,7.49,7.41,7.54,29869.43,2228.52,-0.01
sz002726,2023/09/01,7.49,7.59,7.48,7.64,50300.00,3800.00,0.10
sz002726,2023/09/04,7.58,7.57,7.52,7.61,44300.00,3347.00,-0.02
sz002726,2023/09/05,7.53,7.54,7.51,7.57,36226.55,2731.35,-0.03
sz002726,2023/09/06,7.52,7.52,7.47,7.56,28600.00,2147.00,-0.02
sz002726,2023/09/07,7.52,7.49,7.45,7.54,34877.00,2611.15,-0.03
sz002726,2023/09/08,7.47,7.48,7.39,7.51,45300.00,3365.00,-0.01
sz002726,2023/09/11,7.45,7.49,7.43,7.51,26300.00,1967.00,0.01
sz002726,2023/09/12,7.50,7.63,7.48,7.66,62200.00,4724.00,0.14
sz002726,2023/09/13,7.62,7.56,7.54,7.67,35900.00,2725.00,-0.07
sz002726,2023/09/14,7.55,7.44,7.40,7.56,49700.00,3698.00,-0.12
sz002726,2023/09/15,7.43,7.44,7.38,7.47,41900.00,3110.00,0.00
sz002726,2023/09/18,7.41,7.55,7.35,7.59,78800.00,5901.00,0.11
sz002726,2023/09/19,7.52,7.52,7.49,7.56,27600.00,2077.00,-0.03
sz002726,2023/09/20,7.52,7.65,7.48,7.84,112000.00,8615.00,0.13
sz002726,2023/09/21,7.53,7.47,7.39,7.65,88200.00,6586.00,-0.18
sz002726,2023/09/22,7.40,7.43,7.23,7.50,107000.00,7865.00,-0.04
sz002726,2023/09/25,7.42,7.46,7.35,7.48,55400.00,4119.00,0.03
sz002726,2023/09/26,7.45,7.50,7.41,7.58,47900.00,3589.00,0.04
sz002726,2023/09/27,7.48,7.49,7.44,7.54,40600.00,3044.00,-0.01
sz002726,2023/09/28,7.49,7.50,7.44,7.54,30500.00,2282.00,0.01
sz002726,2023/10/09,7.47,7.42,7.34,7.48,47300.00,3497.00,-0.08
sz002726,2023/10/10,7.41,7.40,7.36,7.48,31600.00,2345.00,-0.02
sz002726,2023/10/11,7.40,7.43,7.31,7.46,57700.00,4251.00,0.03
sz002726,2023/10/12,7.43,7.42,7.39,7.45,38500.00,2860.00,-0.01
sz002726,2023/10/13,7.38,7.37,7.27,7.40,54900.00,4032.00,-0.05
sz002726,2023/10/16,7.36,7.39,7.30,7.40,38525.30,2829.51,0.02
sz002726,2023/10/18,7.41,7.39,7.32,7.43,37000.00,2733.00,-0.02
sz002726,2023/10/19,7.37,7.37,7.27,7.39,47600.00,3484.00,-0.02
sz002726,2023/10/20,7.33,7.40,7.21,7.41,51200.00,3745.00,0.03
sz002726,2023/10/23,7.36,7.41,7.13,7.50,104000.00,7618.00,0.01
sz002726,2023/10/24,7.37,7.36,7.25,7.39,67100.00,4917.00,-0.05
sz002726,2023/10/25,7.44,7.46,7.36,7.52,91900.00,6848.00,0.10
sz002726,2023/10/26,7.45,7.41,7.38,7.50,62600.00,4653.00,-0.05
sz002726,2023/10/27,7.38,7.47,7.36,7.55,113000.00,8441.00,0.06
sz002726,2023/10/30,7.42,7.46,7.39,7.54,88400.00,6586.00,-0.01
sz002726,2023/10/31,7.43,7.55,7.43,7.58,92300.00,6928.00,0.09
sz002726,2023/11/01,7.58,7.58,7.46,7.61,96300.00,7259.00,0.03
sz002726,2023/11/02,7.59,7.54,7.46,7.59,77200.00,5809.00,-0.04
sz002726,2023/11/03,7.52,7.62,7.51,7.70,116000.00,8788.00,0.08
sz002726,2023/11/06,7.66,7.75,7.56,7.78,142000.00,10900.00,0.13
sz002726,2023/11/08,7.90,7.92,7.77,8.00,189000.00,14900.00,-0.02
sz002726,2023/11/09,7.84,7.67,7.64,7.86,161000.00,12400.00,-0.25
sz002726,2023/11/10,7.58,7.67,7.48,7.79,147000.00,11200.00,0.00
sz002726,2023/11/14,7.60,7.62,7.57,7.69,58500.00,4452.00,0.00
sz002726,2023/11/15,7.64,7.60,7.56,7.66,59500.00,4523.00,-0.02
sz002726,2023/11/16,7.58,7.55,7.52,7.62,63100.00,4765.00,-0.05
sz002726,2023/11/17,7.54,7.52,7.50,7.55,35300.00,2652.00,-0.03
sz002726,2023/11/20,7.52,7.63,7.51,7.67,92500.00,7021.00,0.11
sz002726,2023/11/21,7.61,7.57,7.54,7.65,56200.00,4260.00,-0.06
sz002726,2023/11/22,7.57,7.59,7.54,7.70,74300.00,5667.00,0.02
sz002726,2023/11/23,7.54,7.58,7.52,7.62,48500.00,3666.00,-0.01
sz002726,2023/11/24,7.58,7.70,7.56,7.72,154000.00,11800.00,0.12
sz002726,2023/11/27,7.62,7.71,7.60,7.77,125000.00,9626.00,0.01
sz002726,2023/11/28,7.65,7.66,7.52,7.69,85400.00,6499.00,-0.05
sz002726,2023/11/29,7.61,7.68,7.59,7.71,60500.00,4632.00,0.02
sz002726,2023/11/30,7.68,7.88,7.60,7.99,199000.00,15600.00,0.20
sz002726,2023/12/01,7.90,7.83,7.80,8.13,211000.00,16700.00,-0.05
sz002726,2023/12/04,7.78,7.76,7.70,7.83,99800.00,7733.00,-0.07
sz002726,2023/12/05,7.79,7.72,7.70,7.88,80600.00,6286.00,-0.04
sz002726,2023/12/06,7.67,7.86,7.64,7.95,144000.00,11300.00,0.14
sz002726,2023/12/07,7.86,7.80,7.67,7.91,80600.00,6248.00,-0.06
sz002726,2023/12/08,7.79,7.99,7.74,8.01,172000.00,13600.00,0.19
sz002726,2023/12/11,8.18,8.70,8.12,8.75,537000.00,45600.00,0.71
sz002726,2023/12/12,8.65,8.50,8.46,8.75,208000.00,17700.00,-0.20
sz002726,2023/12/13,8.46,8.29,8.26,8.48,140000.00,11700.00,-0.21
sz002726,2023/12/14,8.25,8.34,8.25,8.42,111000.00,9228.00,0.05
sz002726,2023/12/15,8.32,8.25,8.21,8.39,74600.00,6173.00,-0.09
